"['2/26/06', '0.021115', '0', '0.021953', '0.0064088', '0.0012509', '0.00022705', '0.0014004', '0.066464', '0.36711', '0.019785', '0', '0.18414', '0.306', '0', '0', '0', '0.00041109', '0.00099392', '0.00042337', '0.0023217']"
"['5/13/06', '0.021129', '0', '0.021952', '0.0064073', '0.0012531', '0.00022811', '0.0013911', '0.066457', '0.36701', '0.019782', '0', '0.18424', '0.30601', '0', '0', '0', '0.00040943', '0.00099302', '0.00042337', '0.0023217']"
"['5/13/06', '0.021129', '0', '0.021952', '0.0064073', '0.0012531', '0.00022811', '0.0013911', '0.066457', '0.36701', '0.019782', '0', '0.18424', '0.30601', '0', '0', '0', '0.00040943', '0.00099302', '0.00042337', '0.0023217']"
"['5/15/06', '0.02113', '0', '0.021952', '0.0064073', '0.0012532', '0.00022814', '0.0013909', '0.066457', '0.367', '0.019782', '0', '0.18424', '0.30601', '0', '0', '0', '0.00040938', '0.000993', '0.00042337', '0.0023217']"
"['5/18/06', '0.02113', '0', '0.021952', '0.0064072', '0.0012532', '0.00022818', '0.0013905', '0.066457', '0.367', '0.019782', '0', '0.18425', '0.30601', '0', '0', '0', '0.00040932', '0.00099296', '0.00042337', '0.0023217']"
"['5/23/06', '0.021131', '0', '0.021951', '0.0064071', '0.0012534', '0.00022825', '0.0013899', '0.066456', '0.36699', '0.019782', '0', '0.18425', '0.30601', '0', '0', '0', '0.00040921', '0.00099291', '0.00042337', '0.0023217']"
"['5/27/06', '0.021132', '0', '0.021951', '0.0064071', '0.0012535', '0.00022831', '0.0013894', '0.066456', '0.36699', '0.019782', '0', '0.18426', '0.30601', '0', '0', '0', '0.00040912', '0.00099286', '0.00042337', '0.0023217']"
"['6/1/06', '0.021133', '0', '0.021951', '0.006407', '0.0012536', '0.00022838', '0.0013888', '0.066456', '0.36698', '0.019782', '0', '0.18427', '0.30601', '0', '0', '0', '0.00040901', '0.0009928', '0.00042337', '0.0023217']"
"['6/1/06', '0.021133', '0', '0.021951', '0.006407', '0.0012536', '0.00022838', '0.0013888', '0.066456', '0.36698', '0.019782', '0', '0.18427', '0.30601', '0', '0', '0', '0.00040901', '0.0009928', '0.00042337', '0.0023217']"
"['6/12/06', '0.021135', '0', '0.021951', '0.0064067', '0.0012539', '0.00022853', '0.0013874', '0.066455', '0.36697', '0.019782', '0', '0.18428', '0.30601', '0', '0', '0', '0.00040877', '0.00099267', '0.00042337', '0.0023217']"
"['6/14/06', '0.021136', '0', '0.021951', '0.0064067', '0.001254', '0.00022856', '0.0013872', '0.066455', '0.36696', '0.019781', '0', '0.18428', '0.30601', '0', '0', '0', '0.00040873', '0.00099265', '0.00042337', '0.0023217']"
"['6/15/06', '0.021136', '0', '0.021951', '0.0064067', '0.001254', '0.00022857', '0.0013871', '0.066454', '0.36696', '0.019781', '0', '0.18428', '0.30601', '0', '0', '0', '0.0004087', '0.00099264', '0.00042337', '0.0023217']"
"['6/26/06', '0.021138', '0', '0.021951', '0.0064065', '0.0012543', '0.00022873', '0.0013857', '0.066453', '0.36695', '0.019781', '0', '0.1843', '0.30601', '0', '0', '0', '0.00040846', '0.00099251', '0.00042337', '0.0023217']"
"['7/3/06', '0.021139', '0', '0.02195', '0.0064063', '0.0012545', '0.00022882', '0.0013849', '0.066453', '0.36694', '0.019781', '0', '0.18431', '0.30601', '0', '0', '0', '0.00040831', '0.00099242', '0.00042337', '0.0023217']"
"['7/4/06', '0.021139', '0', '0.02195', '0.0064063', '0.0012546', '0.00022884', '0.0013847', '0.066453', '0.36694', '0.019781', '0', '0.18431', '0.30601', '0', '0', '0', '0.00040829', '0.00099241', '0.00042337', '0.0023217']"
"['7/4/06', '0.021139', '0', '0.02195', '0.0064063', '0.0012546', '0.00022884', '0.0013847', '0.066453', '0.36694', '0.019781', '0', '0.18431', '0.30601', '0', '0', '0', '0.00040829', '0.00099241', '0.00042337', '0.0023217']"
"['7/4/06', '0.021139', '0', '0.02195', '0.0064063', '0.0012546', '0.00022884', '0.0013847', '0.066453', '0.36694', '0.019781', '0', '0.18431', '0.30601', '0', '0', '0', '0.00040829', '0.00099241', '0.00042337', '0.0023217']"
"['7/5/06', '0.02114', '0', '0.02195', '0.0064063', '0.0012546', '0.00022885', '0.0013846', '0.066453', '0.36694', '0.019781', '0', '0.18431', '0.30601', '0', '0', '0', '0.00040827', '0.0009924', '0.00042337', '0.0023217']"
"['7/7/06', '0.02114', '0', '0.02195', '0.0064063', '0.0012547', '0.00022888', '0.0013844', '0.066452', '0.36693', '0.019781', '0', '0.18431', '0.30601', '0', '0', '0', '0.00040822', '0.00099238', '0.00042337', '0.0023217']"
"['7/7/06', '0.02114', '0', '0.02195', '0.0064063', '0.0012547', '0.00022888', '0.0013844', '0.066452', '0.36693', '0.019781', '0', '0.18431', '0.30601', '0', '0', '0', '0.00040822', '0.00099238', '0.00042337', '0.0023217']"
"['7/8/06', '0.02114', '0', '0.02195', '0.0064062', '0.0012547', '0.00022889', '0.0013843', '0.066452', '0.36693', '0.019781', '0', '0.18432', '0.30601', '0', '0', '0', '0.0004082', '0.00099236', '0.00042337', '0.0023217']"
"['7/9/06', '0.02114', '0', '0.02195', '0.0064062', '0.0012547', '0.00022891', '0.0013841', '0.066452', '0.36693', '0.019781', '0', '0.18432', '0.30601', '0', '0', '0', '0.00040818', '0.00099235', '0.00042337', '0.0023217']"
"['7/11/06', '0.021141', '0', '0.02195', '0.0064062', '0.0012548', '0.00022893', '0.0013839', '0.066452', '0.36693', '0.019781', '0', '0.18432', '0.30601', '0', '0', '0', '0.00040814', '0.00099233', '0.00042337', '0.0023217']"
"['7/12/06', '0.021141', '0', '0.02195', '0.0064062', '0.0012548', '0.00022895', '0.0013838', '0.066452', '0.36693', '0.019781', '0', '0.18432', '0.30601', '0', '0', '0', '0.00040811', '0.00099232', '0.00042337', '0.0023217']"
"['7/15/06', '0.021142', '0', '0.02195', '0.0064061', '0.0012549', '0.00022899', '0.0013834', '0.066452', '0.36692', '0.019781', '0', '0.18433', '0.30601', '0', '0', '0', '0.00040805', '0.00099228', '0.00042337', '0.0023217']"
"['7/19/06', '0.021142', '0', '0.02195', '0.006406', '0.001255', '0.00022905', '0.0013829', '0.066451', '0.36692', '0.01978', '0', '0.18433', '0.30601', '0', '0', '0', '0.00040796', '0.00099224', '0.00042337', '0.0023217']"
"['7/21/06', '0.021143', '0', '0.02195', '0.006406', '0.0012551', '0.00022907', '0.0013827', '0.066451', '0.36692', '0.01978', '0', '0.18433', '0.30601', '0', '0', '0', '0.00040792', '0.00099221', '0.00042337', '0.0023217']"
"['7/22/06', '0.021143', '0', '0.02195', '0.006406', '0.0012551', '0.00022909', '0.0013825', '0.066451', '0.36691', '0.01978', '0', '0.18433', '0.30601', '0', '0', '0', '0.0004079', '0.0009922', '0.00042337', '0.0023217']"
"['7/23/06', '0.021143', '0', '0.02195', '0.0064059', '0.0012551', '0.0002291', '0.0013824', '0.066451', '0.36691', '0.01978', '0', '0.18434', '0.30601', '0', '0', '0', '0.00040787', '0.00099219', '0.00042337', '0.0023217']"
"['7/23/06', '0.021143', '0', '0.02195', '0.0064059', '0.0012551', '0.0002291', '0.0013824', '0.066451', '0.36691', '0.01978', '0', '0.18434', '0.30601', '0', '0', '0', '0.00040787', '0.00099219', '0.00042337', '0.0023217']"
"['7/25/06', '0.021144', '0', '0.02195', '0.0064059', '0.0012552', '0.00022913', '0.0013822', '0.066451', '0.36691', '0.01978', '0', '0.18434', '0.30601', '0', '0', '0', '0.00040783', '0.00099217', '0.00042337', '0.0023217']"
"['7/30/06', '0.021145', '0', '0.02195', '0.0064058', '0.0012553', '0.0002292', '0.0013816', '0.06645', '0.3669', '0.01978', '0', '0.18435', '0.30601', '0', '0', '0', '0.00040772', '0.00099211', '0.00042337', '0.0023217']"
"['8/4/06', '0.021146', '0', '0.02195', '0.0064057', '0.0012555', '0.00022927', '0.001381', '0.06645', '0.3669', '0.01978', '0', '0.18435', '0.30601', '0', '0', '0', '0.00040761', '0.00099205', '0.00042337', '0.0023217']"
"['8/14/06', '0.021147', '0', '0.02195', '0.0064055', '0.0012557', '0.00022941', '0.0013797', '0.066449', '0.36688', '0.01978', '0', '0.18437', '0.30601', '0', '0', '0', '0.00040739', '0.00099193', '0.00042337', '0.0023217']"
"['8/14/06', '0.021147', '0', '0.02195', '0.0064055', '0.0012557', '0.00022941', '0.0013797', '0.066449', '0.36688', '0.01978', '0', '0.18437', '0.30601', '0', '0', '0', '0.00040739', '0.00099193', '0.00042337', '0.0023217']"
"['8/17/06', '0.021148', '0', '0.021949', '0.0064054', '0.0012558', '0.00022945', '0.0013794', '0.066449', '0.36688', '0.01978', '0', '0.18437', '0.30601', '0', '0', '0', '0.00040733', '0.00099189', '0.00042337', '0.0023217']"
"['8/19/06', '0.021148', '0', '0.021949', '0.0064054', '0.0012559', '0.00022948', '0.0013791', '0.066449', '0.36688', '0.01978', '0', '0.18437', '0.30601', '0', '0', '0', '0.00040728', '0.00099187', '0.00042337', '0.0023217']"
"['8/19/06', '0.021148', '0', '0.021949', '0.0064054', '0.0012559', '0.00022948', '0.0013791', '0.066449', '0.36688', '0.01978', '0', '0.18437', '0.30601', '0', '0', '0', '0.00040728', '0.00099187', '0.00042337', '0.0023217']"
"['8/19/06', '0.021148', '0', '0.021949', '0.0064054', '0.0012559', '0.00022948', '0.0013791', '0.066449', '0.36688', '0.01978', '0', '0.18437', '0.30601', '0', '0', '0', '0.00040728', '0.00099187', '0.00042337', '0.0023217']"
"['8/27/06', '0.02115', '0', '0.021949', '0.0064053', '0.0012561', '0.00022959', '0.0013782', '0.066448', '0.36687', '0.019779', '0', '0.18438', '0.30601', '0', '0', '0', '0.00040711', '0.00099178', '0.00042337', '0.0023217']"
"['8/27/06', '0.02115', '0', '0.021949', '0.0064053', '0.0012561', '0.00022959', '0.0013782', '0.066448', '0.36687', '0.019779', '0', '0.18438', '0.30601', '0', '0', '0', '0.00040711', '0.00099178', '0.00042337', '0.0023217']"
"['8/29/06', '0.02115', '0', '0.021949', '0.0064052', '0.0012562', '0.00022962', '0.0013779', '0.066448', '0.36686', '0.019779', '0', '0.18439', '0.30601', '0', '0', '0', '0.00040707', '0.00099175', '0.00042337', '0.0023217']"
"['9/1/06', '0.021151', '0', '0.021949', '0.0064052', '0.0012563', '0.00022966', '0.0013775', '0.066448', '0.36686', '0.019779', '0', '0.18439', '0.30601', '0', '0', '0', '0.000407', '0.00099172', '0.00042337', '0.0023217']"
"['9/2/06', '0.021151', '0', '0.021949', '0.0064051', '0.0012563', '0.00022967', '0.0013774', '0.066447', '0.36686', '0.019779', '0', '0.18439', '0.30601', '0', '0', '0', '0.00040698', '0.00099171', '0.00042337', '0.0023217']"
"['9/12/06', '0.021153', '0', '0.021949', '0.0064049', '0.0012566', '0.00022981', '0.0013762', '0.066447', '0.36684', '0.019779', '0', '0.1844', '0.30601', '0', '0', '0', '0.00040676', '0.00099159', '0.00042337', '0.0023217']"
"['9/13/06', '0.021153', '0', '0.021949', '0.0064049', '0.0012566', '0.00022983', '0.0013761', '0.066447', '0.36684', '0.019779', '0', '0.18441', '0.30601', '0', '0', '0', '0.00040674', '0.00099158', '0.00042337', '0.0023217']"
"['10/11/06', '0.021159', '0', '0.021948', '0.0064044', '0.0012574', '0.00023022', '0.0013727', '0.066444', '0.36681', '0.019778', '0', '0.18444', '0.30601', '0', '0', '0', '0.00040613', '0.00099125', '0.00042337', '0.0023217']"
"['10/19/06', '0.02116', '0', '0.021948', '0.0064042', '0.0012576', '0.00023033', '0.0013717', '0.066443', '0.3668', '0.019778', '0', '0.18445', '0.30601', '0', '0', '0', '0.00040595', '0.00099115', '0.00042337', '0.0023217']"
"['11/2/06', '0.021163', '0', '0.021948', '0.0064039', '0.001258', '0.00023053', '0.00137', '0.066442', '0.36678', '0.019777', '0', '0.18447', '0.30602', '0', '0', '0', '0.00040564', '0.00099099', '0.00042337', '0.0023217']"
"['11/7/06', '0.021164', '0', '0.021948', '0.0064038', '0.0012582', '0.0002306', '0.0013694', '0.066442', '0.36677', '0.019777', '0', '0.18448', '0.30602', '0', '0', '0', '0.00040554', '0.00099093', '0.00042337', '0.0023217']"
"['11/16/06', '0.021166', '0', '0.021947', '0.0064037', '0.0012584', '0.00023072', '0.0013683', '0.066441', '0.36676', '0.019777', '0', '0.18449', '0.30602', '0', '0', '0', '0.00040534', '0.00099082', '0.00042337', '0.0023217']"
"['11/16/06', '0.021166', '0', '0.021947', '0.0064037', '0.0012584', '0.00023072', '0.0013683', '0.066441', '0.36676', '0.019777', '0', '0.18449', '0.30602', '0', '0', '0', '0.00040534', '0.00099082', '0.00042337', '0.0023217']"
"['11/25/06', '0.021168', '0', '0.021947', '0.0064035', '0.0012587', '0.00023085', '0.0013672', '0.06644', '0.36675', '0.019777', '0', '0.1845', '0.30602', '0', '0', '0', '0.00040514', '0.00099072', '0.00042337', '0.0023217']"
"['12/2/06', '0.021169', '0', '0.021947', '0.0064033', '0.0012589', '0.00023094', '0.0013663', '0.06644', '0.36674', '0.019776', '0', '0.18451', '0.30602', '0', '0', '0', '0.00040499', '0.00099064', '0.00042337', '0.0023217']"
"['1/14/07', '0.021177', '0', '0.021946', '0.0064025', '0.0012601', '0.00023155', '0.0013611', '0.066436', '0.36668', '0.019775', '0', '0.18457', '0.30602', '0', '0', '0', '0.00040405', '0.00099013', '0.00042337', '0.0023217']"
"['1/19/07', '0.021178', '0', '0.021946', '0.0064024', '0.0012602', '0.00023161', '0.0013604', '0.066435', '0.36667', '0.019775', '0', '0.18458', '0.30602', '0', '0', '0', '0.00040394', '0.00099007', '0.00042337', '0.0023217']"
"['1/23/07', '0.021179', '0', '0.021946', '0.0064023', '0.0012604', '0.00023167', '0.00136', '0.066435', '0.36667', '0.019775', '0', '0.18458', '0.30602', '0', '0', '0', '0.00040385', '0.00099003', '0.00042337', '0.0023217']"
"['1/25/07', '0.021179', '0', '0.021946', '0.0064023', '0.0012604', '0.0002317', '0.0013597', '0.066435', '0.36667', '0.019775', '0', '0.18459', '0.30602', '0', '0', '0', '0.00040381', '0.00099', '0.00042337', '0.0023217']"
"['3/20/07', '0.02119', '0', '0.021944', '0.0064012', '0.0012619', '0.00023245', '0.0013531', '0.06643', '0.36659', '0.019773', '0', '0.18466', '0.30602', '0', '0', '0', '0.00040263', '0.00098937', '0.00042337', '0.0023217']"
"['3/21/07', '0.02119', '0', '0.021944', '0.0064012', '0.001262', '0.00023247', '0.001353', '0.06643', '0.36659', '0.019773', '0', '0.18466', '0.30602', '0', '0', '0', '0.00040261', '0.00098936', '0.00042337', '0.0023217']"
"['4/28/07', '0.021198', '0', '0.021944', '0.0064005', '0.0012631', '0.000233', '0.0013483', '0.066427', '0.36654', '0.019772', '0', '0.18471', '0.30603', '0', '0', '0', '0.00040178', '0.00098891', '0.00042337', '0.0023217']"
"['4/30/07', '0.021198', '0', '0.021944', '0.0064004', '0.0012631', '0.00023302', '0.0013481', '0.066426', '0.36654', '0.019772', '0', '0.18471', '0.30603', '0', '0', '0', '0.00040173', '0.00098889', '0.00042337', '0.0023217']"
"['5/9/07', '0.0212', '0', '0.021943', '0.0064002', '0.0012634', '0.00023315', '0.001347', '0.066426', '0.36653', '0.019772', '0', '0.18473', '0.30603', '0', '0', '0', '0.00040154', '0.00098878', '0.00042337', '0.0023217']"
"['5/13/07', '0.0212', '0', '0.021943', '0.0064002', '0.0012635', '0.00023321', '0.0013465', '0.066425', '0.36652', '0.019772', '0', '0.18473', '0.30603', '0', '0', '0', '0.00040145', '0.00098873', '0.00042337', '0.0023217']"
"['5/14/07', '0.021201', '0', '0.021943', '0.0064001', '0.0012635', '0.00023322', '0.0013464', '0.066425', '0.36652', '0.019772', '0', '0.18473', '0.30603', '0', '0', '0', '0.00040143', '0.00098872', '0.00042337', '0.0023217']"
"['5/15/07', '0.021201', '0', '0.021943', '0.0064001', '0.0012635', '0.00023323', '0.0013463', '0.066425', '0.36652', '0.019772', '0', '0.18473', '0.30603', '0', '0', '0', '0.0004014', '0.00098871', '0.00042337', '0.0023217']"
"['5/16/07', '0.021201', '0', '0.021943', '0.0064001', '0.0012636', '0.00023325', '0.0013461', '0.066425', '0.36652', '0.019772', '0', '0.18474', '0.30603', '0', '0', '0', '0.00040138', '0.0009887', '0.00042337', '0.0023217']"
"['5/16/07', '0.021201', '0', '0.021943', '0.0064001', '0.0012636', '0.00023325', '0.0013461', '0.066425', '0.36652', '0.019772', '0', '0.18474', '0.30603', '0', '0', '0', '0.00040138', '0.0009887', '0.00042337', '0.0023217']"
"['5/16/07', '0.021201', '0', '0.021943', '0.0064001', '0.0012636', '0.00023325', '0.0013461', '0.066425', '0.36652', '0.019772', '0', '0.18474', '0.30603', '0', '0', '0', '0.00040138', '0.0009887', '0.00042337', '0.0023217']"
"['5/16/07', '0.021201', '0', '0.021943', '0.0064001', '0.0012636', '0.00023325', '0.0013461', '0.066425', '0.36652', '0.019772', '0', '0.18474', '0.30603', '0', '0', '0', '0.00040138', '0.0009887', '0.00042337', '0.0023217']"
"['5/17/07', '0.021201', '0', '0.021943', '0.0064001', '0.0012636', '0.00023326', '0.001346', '0.066425', '0.36652', '0.019772', '0', '0.18474', '0.30603', '0', '0', '0', '0.00040136', '0.00098869', '0.00042337', '0.0023217']"
"['5/17/07', '0.021201', '0', '0.021943', '0.0064001', '0.0012636', '0.00023326', '0.001346', '0.066425', '0.36652', '0.019772', '0', '0.18474', '0.30603', '0', '0', '0', '0.00040136', '0.00098869', '0.00042337', '0.0023217']"
"['5/17/07', '0.021201', '0', '0.021943', '0.0064001', '0.0012636', '0.00023326', '0.001346', '0.066425', '0.36652', '0.019772', '0', '0.18474', '0.30603', '0', '0', '0', '0.00040136', '0.00098869', '0.00042337', '0.0023217']"
"['5/17/07', '0.021201', '0', '0.021943', '0.0064001', '0.0012636', '0.00023326', '0.001346', '0.066425', '0.36652', '0.019772', '0', '0.18474', '0.30603', '0', '0', '0', '0.00040136', '0.00098869', '0.00042337', '0.0023217']"
"['5/17/07', '0.021201', '0', '0.021943', '0.0064001', '0.0012636', '0.00023326', '0.001346', '0.066425', '0.36652', '0.019772', '0', '0.18474', '0.30603', '0', '0', '0', '0.00040136', '0.00098869', '0.00042337', '0.0023217']"
"['5/17/07', '0.021201', '0', '0.021943', '0.0064001', '0.0012636', '0.00023326', '0.001346', '0.066425', '0.36652', '0.019772', '0', '0.18474', '0.30603', '0', '0', '0', '0.00040136', '0.00098869', '0.00042337', '0.0023217']"
"['5/17/07', '0.021201', '0', '0.021943', '0.0064001', '0.0012636', '0.00023326', '0.001346', '0.066425', '0.36652', '0.019772', '0', '0.18474', '0.30603', '0', '0', '0', '0.00040136', '0.00098869', '0.00042337', '0.0023217']"
"['5/17/07', '0.021201', '0', '0.021943', '0.0064001', '0.0012636', '0.00023326', '0.001346', '0.066425', '0.36652', '0.019772', '0', '0.18474', '0.30603', '0', '0', '0', '0.00040136', '0.00098869', '0.00042337', '0.0023217']"
"['5/17/07', '0.021201', '0', '0.021943', '0.0064001', '0.0012636', '0.00023326', '0.001346', '0.066425', '0.36652', '0.019772', '0', '0.18474', '0.30603', '0', '0', '0', '0.00040136', '0.00098869', '0.00042337', '0.0023217']"
"['5/17/07', '0.021201', '0', '0.021943', '0.0064001', '0.0012636', '0.00023326', '0.001346', '0.066425', '0.36652', '0.019772', '0', '0.18474', '0.30603', '0', '0', '0', '0.00040136', '0.00098869', '0.00042337', '0.0023217']"
"['5/22/07', '0.021202', '0', '0.021943', '0.0064', '0.0012637', '0.00023333', '0.0013454', '0.066424', '0.36651', '0.019771', '0', '0.18474', '0.30603', '0', '0', '0', '0.00040125', '0.00098863', '0.00042337', '0.0023217']"
"['5/25/07', '0.021203', '0', '0.021943', '0.0063999', '0.0012638', '0.00023337', '0.001345', '0.066424', '0.36651', '0.019771', '0', '0.18475', '0.30603', '0', '0', '0', '0.00040119', '0.00098859', '0.00042337', '0.0023217']"
"['5/27/07', '0.021203', '0', '0.021943', '0.0063999', '0.0012639', '0.0002334', '0.0013448', '0.066424', '0.3665', '0.019771', '0', '0.18475', '0.30603', '0', '0', '0', '0.00040114', '0.00098857', '0.00042337', '0.0023217']"
"['5/27/07', '0.021203', '0', '0.021943', '0.0063999', '0.0012639', '0.0002334', '0.0013448', '0.066424', '0.3665', '0.019771', '0', '0.18475', '0.30603', '0', '0', '0', '0.00040114', '0.00098857', '0.00042337', '0.0023217']"
"['6/2/07', '0.021204', '0', '0.021943', '0.0063998', '0.0012641', '0.00023349', '0.0013441', '0.066424', '0.3665', '0.019771', '0', '0.18476', '0.30603', '0', '0', '0', '0.00040101', '0.0009885', '0.00042337', '0.0023217']"
"['6/2/07', '0.021204', '0', '0.021943', '0.0063998', '0.0012641', '0.00023349', '0.0013441', '0.066424', '0.3665', '0.019771', '0', '0.18476', '0.30603', '0', '0', '0', '0.00040101', '0.0009885', '0.00042337', '0.0023217']"
"['6/5/07', '0.021205', '0', '0.021943', '0.0063997', '0.0012641', '0.00023353', '0.0013437', '0.066423', '0.36649', '0.019771', '0', '0.18476', '0.30603', '0', '0', '0', '0.00040095', '0.00098846', '0.00042337', '0.0023217']"
"['6/9/07', '0.021206', '0', '0.021943', '0.0063996', '0.0012643', '0.00023358', '0.0013432', '0.066423', '0.36649', '0.019771', '0', '0.18477', '0.30603', '0', '0', '0', '0.00040086', '0.00098842', '0.00042337', '0.0023217']"
"['6/10/07', '0.021206', '0', '0.021943', '0.0063996', '0.0012643', '0.0002336', '0.0013431', '0.066423', '0.36648', '0.019771', '0', '0.18477', '0.30603', '0', '0', '0', '0.00040084', '0.0009884', '0.00042337', '0.0023217']"
"['6/10/07', '0.021206', '0', '0.021943', '0.0063996', '0.0012643', '0.0002336', '0.0013431', '0.066423', '0.36648', '0.019771', '0', '0.18477', '0.30603', '0', '0', '0', '0.00040084', '0.0009884', '0.00042337', '0.0023217']"
"['6/11/07', '0.021206', '0', '0.021943', '0.0063996', '0.0012643', '0.00023361', '0.001343', '0.066423', '0.36648', '0.019771', '0', '0.18477', '0.30603', '0', '0', '0', '0.00040081', '0.00098839', '0.00042337', '0.0023217']"
"['6/15/07', '0.021207', '0', '0.021942', '0.0063995', '0.0012644', '0.00023367', '0.0013425', '0.066422', '0.36648', '0.019771', '0', '0.18478', '0.30603', '0', '0', '0', '0.00040073', '0.00098834', '0.00042337', '0.0023217']"
"['6/15/07', '0.021207', '0', '0.021942', '0.0063995', '0.0012644', '0.00023367', '0.0013425', '0.066422', '0.36648', '0.019771', '0', '0.18478', '0.30603', '0', '0', '0', '0.00040073', '0.00098834', '0.00042337', '0.0023217']"
"['6/17/07', '0.021207', '0', '0.021942', '0.0063995', '0.0012645', '0.00023369', '0.0013422', '0.066422', '0.36648', '0.019771', '0', '0.18478', '0.30603', '0', '0', '0', '0.00040068', '0.00098832', '0.00042337', '0.0023217']"
"['6/17/07', '0.021207', '0', '0.021942', '0.0063995', '0.0012645', '0.00023369', '0.0013422', '0.066422', '0.36648', '0.019771', '0', '0.18478', '0.30603', '0', '0', '0', '0.00040068', '0.00098832', '0.00042337', '0.0023217']"
"['6/18/07', '0.021207', '0', '0.021942', '0.0063995', '0.0012645', '0.00023371', '0.0013421', '0.066422', '0.36647', '0.019771', '0', '0.18478', '0.30603', '0', '0', '0', '0.00040066', '0.00098831', '0.00042337', '0.0023217']"
"['6/23/07', '0.021208', '0', '0.021942', '0.0063994', '0.0012647', '0.00023378', '0.0013415', '0.066422', '0.36647', '0.019771', '0', '0.18479', '0.30603', '0', '0', '0', '0.00040055', '0.00098825', '0.00042337', '0.0023217']"
"['6/23/07', '0.021208', '0', '0.021942', '0.0063994', '0.0012647', '0.00023378', '0.0013415', '0.066422', '0.36647', '0.019771', '0', '0.18479', '0.30603', '0', '0', '0', '0.00040055', '0.00098825', '0.00042337', '0.0023217']"
"['6/24/07', '0.021209', '0', '0.021942', '0.0063993', '0.0012647', '0.00023379', '0.0013414', '0.066422', '0.36647', '0.019771', '0', '0.18479', '0.30603', '0', '0', '0', '0.00040053', '0.00098824', '0.00042337', '0.0023217']"
"['6/25/07', '0.021209', '0', '0.021942', '0.0063993', '0.0012647', '0.00023381', '0.0013413', '0.066422', '0.36646', '0.01977', '0', '0.18479', '0.30603', '0', '0', '0', '0.00040051', '0.00098823', '0.00042337', '0.0023217']"
"['6/28/07', '0.021209', '0', '0.021942', '0.0063993', '0.0012648', '0.00023385', '0.0013409', '0.066421', '0.36646', '0.01977', '0', '0.18479', '0.30603', '0', '0', '0', '0.00040044', '0.00098819', '0.00042337', '0.0023217']"
"['6/30/07', '0.02121', '0', '0.021942', '0.0063992', '0.0012649', '0.00023388', '0.0013407', '0.066421', '0.36646', '0.01977', '0', '0.1848', '0.30603', '0', '0', '0', '0.0004004', '0.00098817', '0.00042337', '0.0023217']"
"['7/5/07', '0.021211', '0', '0.021942', '0.0063991', '0.001265', '0.00023395', '0.00134', '0.066421', '0.36645', '0.01977', '0', '0.1848', '0.30603', '0', '0', '0', '0.00040029', '0.00098811', '0.00042337', '0.0023217']"
"['7/7/07', '0.021211', '0', '0.021942', '0.0063991', '0.0012651', '0.00023397', '0.0013398', '0.06642', '0.36645', '0.01977', '0', '0.18481', '0.30603', '0', '0', '0', '0.00040025', '0.00098809', '0.00042337', '0.0023217']"
"['7/10/07', '0.021212', '0', '0.021942', '0.006399', '0.0012651', '0.00023402', '0.0013394', '0.06642', '0.36644', '0.01977', '0', '0.18481', '0.30603', '0', '0', '0', '0.00040018', '0.00098805', '0.00042337', '0.0023217']"
"['7/10/07', '0.021212', '0', '0.021942', '0.006399', '0.0012651', '0.00023402', '0.0013394', '0.06642', '0.36644', '0.01977', '0', '0.18481', '0.30603', '0', '0', '0', '0.00040018', '0.00098805', '0.00042337', '0.0023217']"
"['7/10/07', '0.021212', '0', '0.021942', '0.006399', '0.0012651', '0.00023402', '0.0013394', '0.06642', '0.36644', '0.01977', '0', '0.18481', '0.30603', '0', '0', '0', '0.00040018', '0.00098805', '0.00042337', '0.0023217']"
"['7/15/07', '0.021213', '0', '0.021942', '0.0063989', '0.0012653', '0.00023409', '0.0013388', '0.06642', '0.36644', '0.01977', '0', '0.18482', '0.30603', '0', '0', '0', '0.00040007', '0.00098799', '0.00042337', '0.0023217']"
"['7/20/07', '0.021214', '0', '0.021942', '0.0063988', '0.0012654', '0.00023416', '0.0013382', '0.066419', '0.36643', '0.01977', '0', '0.18482', '0.30603', '0', '0', '0', '0.00039996', '0.00098793', '0.00042337', '0.0023217']"
"['7/21/07', '0.021214', '0', '0.021942', '0.0063988', '0.0012655', '0.00023417', '0.0013381', '0.066419', '0.36643', '0.01977', '0', '0.18482', '0.30603', '0', '0', '0', '0.00039994', '0.00098792', '0.00042337', '0.0023217']"
"['7/22/07', '0.021214', '0', '0.021942', '0.0063988', '0.0012655', '0.00023418', '0.001338', '0.066419', '0.36643', '0.01977', '0', '0.18483', '0.30603', '0', '0', '0', '0.00039992', '0.00098791', '0.00042337', '0.0023217']"
"['7/23/07', '0.021214', '0', '0.021942', '0.0063988', '0.0012655', '0.0002342', '0.0013378', '0.066419', '0.36643', '0.01977', '0', '0.18483', '0.30603', '0', '0', '0', '0.0003999', '0.0009879', '0.00042337', '0.0023217']"
"['7/26/07', '0.021215', '0', '0.021942', '0.0063987', '0.0012656', '0.00023424', '0.0013375', '0.066419', '0.36642', '0.01977', '0', '0.18483', '0.30603', '0', '0', '0', '0.00039983', '0.00098786', '0.00042337', '0.0023217']"
"['7/27/07', '0.021215', '0', '0.021941', '0.0063987', '0.0012656', '0.00023425', '0.0013374', '0.066419', '0.36642', '0.01977', '0', '0.18483', '0.30603', '0', '0', '0', '0.00039981', '0.00098785', '0.00042337', '0.0023217']"
"['7/27/07', '0.021215', '0', '0.021941', '0.0063987', '0.0012656', '0.00023425', '0.0013374', '0.066419', '0.36642', '0.01977', '0', '0.18483', '0.30603', '0', '0', '0', '0.00039981', '0.00098785', '0.00042337', '0.0023217']"
"['7/28/07', '0.021215', '0', '0.021941', '0.0063987', '0.0012656', '0.00023427', '0.0013372', '0.066419', '0.36642', '0.01977', '0', '0.18483', '0.30603', '0', '0', '0', '0.00039979', '0.00098784', '0.00042337', '0.0023217']"
"['7/28/07', '0.021215', '0', '0.021941', '0.0063987', '0.0012656', '0.00023427', '0.0013372', '0.066419', '0.36642', '0.01977', '0', '0.18483', '0.30603', '0', '0', '0', '0.00039979', '0.00098784', '0.00042337', '0.0023217']"
"['7/31/07', '0.021216', '0', '0.021941', '0.0063986', '0.0012657', '0.00023431', '0.0013369', '0.066418', '0.36642', '0.019769', '0', '0.18484', '0.30603', '0', '0', '0', '0.00039972', '0.0009878', '0.00042337', '0.0023217']"
"['8/4/07', '0.021217', '0', '0.021941', '0.0063985', '0.0012658', '0.00023436', '0.0013364', '0.066418', '0.36641', '0.019769', '0', '0.18484', '0.30603', '0', '0', '0', '0.00039963', '0.00098776', '0.00042337', '0.0023217']"
"['8/10/07', '0.021218', '0', '0.021941', '0.0063984', '0.001266', '0.00023445', '0.0013356', '0.066417', '0.3664', '0.019769', '0', '0.18485', '0.30603', '0', '0', '0', '0.0003995', '0.00098769', '0.00042337', '0.0023217']"
"['8/13/07', '0.021218', '0', '0.021941', '0.0063984', '0.0012661', '0.00023449', '0.0013353', '0.066417', '0.3664', '0.019769', '0', '0.18486', '0.30603', '0', '0', '0', '0.00039944', '0.00098765', '0.00042337', '0.0023217']"
"['8/14/07', '0.021219', '0', '0.021941', '0.0063983', '0.0012661', '0.0002345', '0.0013352', '0.066417', '0.3664', '0.019769', '0', '0.18486', '0.30603', '0', '0', '0', '0.00039942', '0.00098764', '0.00042337', '0.0023217']"
"['8/15/07', '0.021219', '0', '0.021941', '0.0063983', '0.0012662', '0.00023452', '0.001335', '0.066417', '0.3664', '0.019769', '0', '0.18486', '0.30603', '0', '0', '0', '0.00039939', '0.00098763', '0.00042337', '0.0023217']"
"['8/16/07', '0.021219', '0', '0.021941', '0.0063983', '0.0012662', '0.00023453', '0.0013349', '0.066417', '0.3664', '0.019769', '0', '0.18486', '0.30603', '0', '0', '0', '0.00039937', '0.00098762', '0.00042337', '0.0023217']"
"['8/18/07', '0.021219', '0', '0.021941', '0.0063983', '0.0012662', '0.00023456', '0.0013347', '0.066417', '0.36639', '0.019769', '0', '0.18486', '0.30603', '0', '0', '0', '0.00039933', '0.00098759', '0.00042337', '0.0023217']"
"['8/25/07', '0.021221', '0', '0.021941', '0.0063981', '0.0012664', '0.00023466', '0.0013338', '0.066416', '0.36638', '0.019769', '0', '0.18487', '0.30603', '0', '0', '0', '0.00039917', '0.00098751', '0.00042337', '0.0023217']"
"['9/3/07', '0.021223', '0', '0.021941', '0.0063979', '0.0012667', '0.00023478', '0.0013327', '0.066415', '0.36637', '0.019768', '0', '0.18488', '0.30603', '0', '0', '0', '0.00039898', '0.0009874', '0.00042337', '0.0023217']"
"['9/16/07', '0.021225', '0', '0.02194', '0.0063977', '0.0012671', '0.00023497', '0.0013311', '0.066414', '0.36635', '0.019768', '0', '0.1849', '0.30603', '0', '0', '0', '0.00039869', '0.00098725', '0.00042337', '0.0023217']"
"['9/19/07', '0.021226', '0', '0.02194', '0.0063976', '0.0012672', '0.00023501', '0.0013308', '0.066414', '0.36635', '0.019768', '0', '0.18491', '0.30603', '0', '0', '0', '0.00039863', '0.00098722', '0.00042337', '0.0023217']"
"['9/19/07', '0.021226', '0', '0.02194', '0.0063976', '0.0012672', '0.00023501', '0.0013308', '0.066414', '0.36635', '0.019768', '0', '0.18491', '0.30603', '0', '0', '0', '0.00039863', '0.00098722', '0.00042337', '0.0023217']"
"['9/25/07', '0.021227', '0', '0.02194', '0.0063975', '0.0012673', '0.00023509', '0.00133', '0.066413', '0.36634', '0.019768', '0', '0.18491', '0.30604', '0', '0', '0', '0.0003985', '0.00098715', '0.00042337', '0.0023217']"
"['10/9/07', '0.02123', '0', '0.02194', '0.0063972', '0.0012677', '0.00023529', '0.0013283', '0.066412', '0.36632', '0.019767', '0', '0.18493', '0.30604', '0', '0', '0', '0.00039819', '0.00098698', '0.00042337', '0.0023217']"
"['10/18/07', '0.021231', '0', '0.02194', '0.0063971', '0.001268', '0.00023541', '0.0013272', '0.066411', '0.36631', '0.019767', '0', '0.18494', '0.30604', '0', '0', '0', '0.00039799', '0.00098688', '0.00042337', '0.0023217']"
"['11/27/07', '0.021239', '0', '0.021939', '0.0063963', '0.0012691', '0.00023597', '0.0013223', '0.066408', '0.36626', '0.019766', '0', '0.185', '0.30604', '0', '0', '0', '0.00039712', '0.0009864', '0.00042337', '0.0023217']"
"['12/1/07', '0.02124', '0', '0.021939', '0.0063962', '0.0012692', '0.00023603', '0.0013218', '0.066408', '0.36625', '0.019766', '0', '0.185', '0.30604', '0', '0', '0', '0.00039703', '0.00098636', '0.00042337', '0.0023217']"
"['12/3/07', '0.02124', '0', '0.021939', '0.0063962', '0.0012693', '0.00023605', '0.0013216', '0.066407', '0.36625', '0.019766', '0', '0.18501', '0.30604', '0', '0', '0', '0.00039699', '0.00098633', '0.00042337', '0.0023217']"
"['12/3/07', '0.02124', '0', '0.021939', '0.0063962', '0.0012693', '0.00023605', '0.0013216', '0.066407', '0.36625', '0.019766', '0', '0.18501', '0.30604', '0', '0', '0', '0.00039699', '0.00098633', '0.00042337', '0.0023217']"
"['12/4/07', '0.02124', '0', '0.021938', '0.0063961', '0.0012693', '0.00023607', '0.0013215', '0.066407', '0.36625', '0.019766', '0', '0.18501', '0.30604', '0', '0', '0', '0.00039697', '0.00098632', '0.00042337', '0.0023217']"
"['12/11/07', '0.021242', '0', '0.021938', '0.006396', '0.0012695', '0.00023617', '0.0013206', '0.066407', '0.36624', '0.019766', '0', '0.18502', '0.30604', '0', '0', '0', '0.00039681', '0.00098624', '0.00042337', '0.0023217']"
"['12/26/07', '0.021245', '0', '0.021938', '0.0063957', '0.0012699', '0.00023638', '0.0013188', '0.066405', '0.36622', '0.019765', '0', '0.18504', '0.30604', '0', '0', '0', '0.00039649', '0.00098606', '0.00042337', '0.0023217']"
"['2/10/08', '0.021254', '0', '0.021937', '0.0063948', '0.0012713', '0.00023702', '0.0013132', '0.066401', '0.36616', '0.019764', '0', '0.1851', '0.30604', '0', '0', '0', '0.00039548', '0.00098552', '0.00042337', '0.0023217']"
"['2/17/08', '0.021255', '0', '0.021937', '0.0063947', '0.0012715', '0.00023711', '0.0013123', '0.066401', '0.36615', '0.019764', '0', '0.18511', '0.30604', '0', '0', '0', '0.00039533', '0.00098544', '0.00042337', '0.0023217']"
"['3/1/08', '0.021258', '0', '0.021936', '0.0063944', '0.0012718', '0.0002373', '0.0013107', '0.0664', '0.36613', '0.019763', '0', '0.18513', '0.30604', '0', '0', '0', '0.00039504', '0.00098529', '0.00042337', '0.0023217']"
"['3/19/08', '0.021261', '0', '0.021936', '0.006394', '0.0012723', '0.00023755', '0.0013085', '0.066398', '0.36611', '0.019763', '0', '0.18515', '0.30605', '0', '0', '0', '0.00039465', '0.00098508', '0.00042337', '0.0023217']"
"['3/24/08', '0.021262', '0', '0.021936', '0.006394', '0.0012725', '0.00023762', '0.0013079', '0.066398', '0.3661', '0.019762', '0', '0.18516', '0.30605', '0', '0', '0', '0.00039454', '0.00098502', '0.00042337', '0.0023217']"
"['3/28/08', '0.021263', '0', '0.021936', '0.0063939', '0.0012726', '0.00023767', '0.0013074', '0.066397', '0.3661', '0.019762', '0', '0.18516', '0.30605', '0', '0', '0', '0.00039445', '0.00098497', '0.00042337', '0.0023217']"
"['4/6/08', '0.021265', '0', '0.021936', '0.0063937', '0.0012729', '0.0002378', '0.0013063', '0.066396', '0.36608', '0.019762', '0', '0.18518', '0.30605', '0', '0', '0', '0.00039426', '0.00098486', '0.00042337', '0.0023217']"
"['4/6/08', '0.021265', '0', '0.021936', '0.0063937', '0.0012729', '0.0002378', '0.0013063', '0.066396', '0.36608', '0.019762', '0', '0.18518', '0.30605', '0', '0', '0', '0.00039426', '0.00098486', '0.00042337', '0.0023217']"
"['4/8/08', '0.021265', '0', '0.021936', '0.0063937', '0.0012729', '0.00023783', '0.0013061', '0.066396', '0.36608', '0.019762', '0', '0.18518', '0.30605', '0', '0', '0', '0.00039421', '0.00098484', '0.00042337', '0.0023217']"
"['4/9/08', '0.021265', '0', '0.021936', '0.0063936', '0.0012729', '0.00023784', '0.001306', '0.066396', '0.36608', '0.019762', '0', '0.18518', '0.30605', '0', '0', '0', '0.00039419', '0.00098483', '0.00042337', '0.0023217']"
"['4/20/08', '0.021267', '0', '0.021935', '0.0063934', '0.0012733', '0.00023799', '0.0013046', '0.066395', '0.36607', '0.019762', '0', '0.18519', '0.30605', '0', '0', '0', '0.00039395', '0.0009847', '0.00042337', '0.0023217']"
"['4/21/08', '0.021268', '0', '0.021935', '0.0063934', '0.0012733', '0.00023801', '0.0013045', '0.066395', '0.36606', '0.019762', '0', '0.1852', '0.30605', '0', '0', '0', '0.00039393', '0.00098469', '0.00042337', '0.0023217']"
"['4/21/08', '0.021268', '0', '0.021935', '0.0063934', '0.0012733', '0.00023801', '0.0013045', '0.066395', '0.36606', '0.019762', '0', '0.1852', '0.30605', '0', '0', '0', '0.00039393', '0.00098469', '0.00042337', '0.0023217']"
"['4/24/08', '0.021268', '0', '0.021935', '0.0063933', '0.0012734', '0.00023805', '0.0013041', '0.066395', '0.36606', '0.019762', '0', '0.1852', '0.30605', '0', '0', '0', '0.00039386', '0.00098465', '0.00042337', '0.0023217']"
"['4/25/08', '0.021268', '0', '0.021935', '0.0063933', '0.0012734', '0.00023806', '0.001304', '0.066395', '0.36606', '0.019762', '0', '0.1852', '0.30605', '0', '0', '0', '0.00039384', '0.00098464', '0.00042337', '0.0023217']"
"['4/28/08', '0.021269', '0', '0.021935', '0.0063933', '0.0012735', '0.00023811', '0.0013036', '0.066394', '0.36606', '0.019761', '0', '0.1852', '0.30605', '0', '0', '0', '0.00039378', '0.00098461', '0.00042337', '0.0023217']"
"['5/3/08', '0.02127', '0', '0.021935', '0.0063932', '0.0012736', '0.00023818', '0.001303', '0.066394', '0.36605', '0.019761', '0', '0.18521', '0.30605', '0', '0', '0', '0.00039367', '0.00098455', '0.00042337', '0.0023217']"
"['5/4/08', '0.02127', '0', '0.021935', '0.0063931', '0.0012736', '0.00023819', '0.0013029', '0.066394', '0.36605', '0.019761', '0', '0.18521', '0.30605', '0', '0', '0', '0.00039364', '0.00098454', '0.00042337', '0.0023217']"
"['5/4/08', '0.02127', '0', '0.021935', '0.0063931', '0.0012736', '0.00023819', '0.0013029', '0.066394', '0.36605', '0.019761', '0', '0.18521', '0.30605', '0', '0', '0', '0.00039364', '0.00098454', '0.00042337', '0.0023217']"
"['5/5/08', '0.02127', '0', '0.021935', '0.0063931', '0.0012737', '0.0002382', '0.0013028', '0.066394', '0.36605', '0.019761', '0', '0.18521', '0.30605', '0', '0', '0', '0.00039362', '0.00098452', '0.00042337', '0.0023217']"
"['5/21/08', '0.021273', '0', '0.021935', '0.0063928', '0.0012741', '0.00023843', '0.0013008', '0.066392', '0.36602', '0.019761', '0', '0.18524', '0.30605', '0', '0', '0', '0.00039327', '0.00098434', '0.00042337', '0.0023217']"
"['5/22/08', '0.021274', '0', '0.021935', '0.0063928', '0.0012742', '0.00023844', '0.0013007', '0.066392', '0.36602', '0.019761', '0', '0.18524', '0.30605', '0', '0', '0', '0.00039325', '0.00098432', '0.00042337', '0.0023217']"
"['5/28/08', '0.021275', '0', '0.021934', '0.0063927', '0.0012743', '0.00023852', '0.0013', '0.066392', '0.36602', '0.019761', '0', '0.18525', '0.30605', '0', '0', '0', '0.00039312', '0.00098425', '0.00042337', '0.0023217']"
"['5/28/08', '0.021275', '0', '0.021934', '0.0063927', '0.0012743', '0.00023852', '0.0013', '0.066392', '0.36602', '0.019761', '0', '0.18525', '0.30605', '0', '0', '0', '0.00039312', '0.00098425', '0.00042337', '0.0023217']"
"['6/1/08', '0.021276', '0', '0.021934', '0.0063926', '0.0012744', '0.00023858', '0.0012995', '0.066391', '0.36601', '0.01976', '0', '0.18525', '0.30605', '0', '0', '0', '0.00039303', '0.00098421', '0.00042337', '0.0023217']"
"['6/5/08', '0.021276', '0', '0.021934', '0.0063925', '0.0012746', '0.00023864', '0.001299', '0.066391', '0.366', '0.01976', '0', '0.18526', '0.30605', '0', '0', '0', '0.00039295', '0.00098416', '0.00042337', '0.0023217']"
"['6/14/08', '0.021278', '0', '0.021934', '0.0063923', '0.0012748', '0.00023876', '0.0012979', '0.06639', '0.36599', '0.01976', '0', '0.18527', '0.30605', '0', '0', '0', '0.00039275', '0.00098405', '0.00042337', '0.0023217']"
"['6/16/08', '0.021278', '0', '0.021934', '0.0063923', '0.0012749', '0.00023879', '0.0012977', '0.06639', '0.36599', '0.01976', '0', '0.18527', '0.30605', '0', '0', '0', '0.0003927', '0.00098403', '0.00042337', '0.0023217']"
"['6/20/08', '0.021279', '0', '0.021934', '0.0063922', '0.001275', '0.00023885', '0.0012972', '0.06639', '0.36598', '0.01976', '0', '0.18528', '0.30605', '0', '0', '0', '0.00039262', '0.00098398', '0.00042337', '0.0023217']"
"['6/21/08', '0.021279', '0', '0.021934', '0.0063922', '0.001275', '0.00023886', '0.001297', '0.06639', '0.36598', '0.01976', '0', '0.18528', '0.30605', '0', '0', '0', '0.0003926', '0.00098397', '0.00042337', '0.0023217']"
"['6/21/08', '0.021279', '0', '0.021934', '0.0063922', '0.001275', '0.00023886', '0.001297', '0.06639', '0.36598', '0.01976', '0', '0.18528', '0.30605', '0', '0', '0', '0.0003926', '0.00098397', '0.00042337', '0.0023217']"
"['6/21/08', '0.021279', '0', '0.021934', '0.0063922', '0.001275', '0.00023886', '0.001297', '0.06639', '0.36598', '0.01976', '0', '0.18528', '0.30605', '0', '0', '0', '0.0003926', '0.00098397', '0.00042337', '0.0023217']"
"['6/21/08', '0.021279', '0', '0.021934', '0.0063922', '0.001275', '0.00023886', '0.001297', '0.06639', '0.36598', '0.01976', '0', '0.18528', '0.30605', '0', '0', '0', '0.0003926', '0.00098397', '0.00042337', '0.0023217']"
"['7/6/08', '0.021282', '0', '0.021934', '0.0063919', '0.0012754', '0.00023907', '0.0012952', '0.066388', '0.36596', '0.019759', '0', '0.1853', '0.30605', '0', '0', '0', '0.00039227', '0.0009838', '0.00042337', '0.0023217']"
"['7/6/08', '0.021282', '0', '0.021934', '0.0063919', '0.0012754', '0.00023907', '0.0012952', '0.066388', '0.36596', '0.019759', '0', '0.1853', '0.30605', '0', '0', '0', '0.00039227', '0.0009838', '0.00042337', '0.0023217']"
"['7/6/08', '0.021282', '0', '0.021934', '0.0063919', '0.0012754', '0.00023907', '0.0012952', '0.066388', '0.36596', '0.019759', '0', '0.1853', '0.30605', '0', '0', '0', '0.00039227', '0.0009838', '0.00042337', '0.0023217']"
"['7/7/08', '0.021283', '0', '0.021933', '0.0063919', '0.0012755', '0.00023908', '0.0012951', '0.066388', '0.36596', '0.019759', '0', '0.1853', '0.30605', '0', '0', '0', '0.00039225', '0.00098378', '0.00042337', '0.0023217']"
"['7/13/08', '0.021284', '0', '0.021933', '0.0063918', '0.0012756', '0.00023917', '0.0012944', '0.066388', '0.36595', '0.019759', '0', '0.18531', '0.30605', '0', '0', '0', '0.00039211', '0.00098371', '0.00042337', '0.0023217']"
"['7/17/08', '0.021284', '0', '0.021933', '0.0063917', '0.0012758', '0.00023922', '0.0012939', '0.066387', '0.36595', '0.019759', '0', '0.18531', '0.30605', '0', '0', '0', '0.00039203', '0.00098367', '0.00042337', '0.0023217']"
"['7/20/08', '0.021285', '0', '0.021933', '0.0063916', '0.0012758', '0.00023926', '0.0012935', '0.066387', '0.36595', '0.019759', '0', '0.18532', '0.30605', '0', '0', '0', '0.00039196', '0.00098363', '0.00042337', '0.0023217']"
"['7/26/08', '0.021286', '0', '0.021933', '0.0063915', '0.001276', '0.00023935', '0.0012928', '0.066387', '0.36594', '0.019759', '0', '0.18532', '0.30605', '0', '0', '0', '0.00039183', '0.00098356', '0.00042337', '0.0023217']"
"['7/29/08', '0.021287', '0', '0.021933', '0.0063915', '0.0012761', '0.00023939', '0.0012924', '0.066386', '0.36593', '0.019759', '0', '0.18533', '0.30605', '0', '0', '0', '0.00039176', '0.00098352', '0.00042337', '0.0023217']"
"['8/5/08', '0.021288', '0', '0.021933', '0.0063913', '0.0012763', '0.00023949', '0.0012915', '0.066386', '0.36592', '0.019759', '0', '0.18534', '0.30605', '0', '0', '0', '0.00039161', '0.00098344', '0.00042337', '0.0023217']"
"['8/17/08', '0.021291', '0', '0.021933', '0.0063911', '0.0012766', '0.00023966', '0.0012901', '0.066385', '0.36591', '0.019758', '0', '0.18535', '0.30605', '0', '0', '0', '0.00039135', '0.0009833', '0.00042337', '0.0023217']"
"['8/17/08', '0.021291', '0', '0.021933', '0.0063911', '0.0012766', '0.00023966', '0.0012901', '0.066385', '0.36591', '0.019758', '0', '0.18535', '0.30605', '0', '0', '0', '0.00039135', '0.0009833', '0.00042337', '0.0023217']"
"['8/27/08', '0.021292', '0', '0.021932', '0.0063909', '0.0012769', '0.0002398', '0.0012889', '0.066384', '0.36589', '0.019758', '0', '0.18537', '0.30606', '0', '0', '0', '0.00039113', '0.00098318', '0.00042337', '0.0023217']"
"['9/1/08', '0.021293', '0', '0.021932', '0.0063908', '0.0012771', '0.00023986', '0.0012883', '0.066383', '0.36589', '0.019758', '0', '0.18537', '0.30606', '0', '0', '0', '0.00039102', '0.00098313', '0.00042337', '0.0023217']"
"['9/1/08', '0.021293', '0', '0.021932', '0.0063908', '0.0012771', '0.00023986', '0.0012883', '0.066383', '0.36589', '0.019758', '0', '0.18537', '0.30606', '0', '0', '0', '0.00039102', '0.00098313', '0.00042337', '0.0023217']"
"['9/1/08', '0.021293', '0', '0.021932', '0.0063908', '0.0012771', '0.00023986', '0.0012883', '0.066383', '0.36589', '0.019758', '0', '0.18537', '0.30606', '0', '0', '0', '0.00039102', '0.00098313', '0.00042337', '0.0023217']"
"['9/6/08', '0.021294', '0', '0.021932', '0.0063907', '0.0012772', '0.00023993', '0.0012876', '0.066383', '0.36588', '0.019758', '0', '0.18538', '0.30606', '0', '0', '0', '0.00039091', '0.00098307', '0.00042337', '0.0023217']"
"['9/9/08', '0.021295', '0', '0.021932', '0.0063906', '0.0012773', '0.00023998', '0.0012873', '0.066383', '0.36588', '0.019758', '0', '0.18539', '0.30606', '0', '0', '0', '0.00039085', '0.00098303', '0.00042337', '0.0023217']"
"['9/15/08', '0.021296', '0', '0.021932', '0.0063905', '0.0012775', '0.00024006', '0.0012865', '0.066382', '0.36587', '0.019757', '0', '0.18539', '0.30606', '0', '0', '0', '0.00039072', '0.00098296', '0.00042337', '0.0023217']"
"['9/18/08', '0.021297', '0', '0.021932', '0.0063905', '0.0012776', '0.0002401', '0.0012862', '0.066382', '0.36587', '0.019757', '0', '0.1854', '0.30606', '0', '0', '0', '0.00039065', '0.00098293', '0.00042337', '0.0023217']"
"['10/8/08', '0.021301', '0', '0.021931', '0.0063901', '0.0012781', '0.00024038', '0.0012837', '0.06638', '0.36584', '0.019757', '0', '0.18542', '0.30606', '0', '0', '0', '0.00039021', '0.00098269', '0.00042337', '0.0023217']"
"['10/11/08', '0.021301', '0', '0.021931', '0.00639', '0.0012782', '0.00024042', '0.0012834', '0.06638', '0.36583', '0.019757', '0', '0.18543', '0.30606', '0', '0', '0', '0.00039015', '0.00098265', '0.00042337', '0.0023217']"
"['10/17/08', '0.021302', '0', '0.021931', '0.0063899', '0.0012784', '0.00024051', '0.0012826', '0.066379', '0.36583', '0.019756', '0', '0.18544', '0.30606', '0', '0', '0', '0.00039002', '0.00098258', '0.00042337', '0.0023217']"
"['11/21/08', '0.021309', '0', '0.02193', '0.0063892', '0.0012794', '0.000241', '0.0012784', '0.066376', '0.36578', '0.019755', '0', '0.18548', '0.30606', '0', '0', '0', '0.00038925', '0.00098217', '0.00042337', '0.0023217']"
"['11/24/08', '0.02131', '0', '0.02193', '0.0063891', '0.0012795', '0.00024104', '0.001278', '0.066376', '0.36578', '0.019755', '0', '0.18549', '0.30606', '0', '0', '0', '0.00038919', '0.00098214', '0.00042337', '0.0023217']"
"['1/14/09', '0.02132', '0', '0.021929', '0.0063881', '0.0012809', '0.00024175', '0.0012718', '0.066372', '0.36571', '0.019754', '0', '0.18556', '0.30606', '0', '0', '0', '0.00038807', '0.00098154', '0.00042337', '0.0023217']"
"['1/20/09', '0.021321', '0', '0.021929', '0.006388', '0.0012811', '0.00024183', '0.001271', '0.066371', '0.3657', '0.019754', '0', '0.18556', '0.30606', '0', '0', '0', '0.00038794', '0.00098147', '0.00042337', '0.0023217']"
"['3/30/09', '0.021334', '0', '0.021927', '0.0063867', '0.001283', '0.0002428', '0.0012626', '0.066365', '0.36561', '0.019752', '0', '0.18566', '0.30607', '0', '0', '0', '0.00038643', '0.00098066', '0.00042337', '0.0023217']"
"['4/20/09', '0.021338', '0', '0.021927', '0.0063862', '0.0012836', '0.00024309', '0.00126', '0.066363', '0.36558', '0.019751', '0', '0.18569', '0.30607', '0', '0', '0', '0.00038597', '0.00098041', '0.00042337', '0.0023217']"
"['4/22/09', '0.021339', '0', '0.021927', '0.0063862', '0.0012837', '0.00024312', '0.0012598', '0.066363', '0.36558', '0.019751', '0', '0.18569', '0.30607', '0', '0', '0', '0.00038593', '0.00098039', '0.00042337', '0.0023217']"
"['4/22/09', '0.021339', '0', '0.021927', '0.0063862', '0.0012837', '0.00024312', '0.0012598', '0.066363', '0.36558', '0.019751', '0', '0.18569', '0.30607', '0', '0', '0', '0.00038593', '0.00098039', '0.00042337', '0.0023217']"
"['5/16/09', '0.021344', '0', '0.021926', '0.0063857', '0.0012844', '0.00024345', '0.0012569', '0.066361', '0.36555', '0.01975', '0', '0.18572', '0.30607', '0', '0', '0', '0.0003854', '0.0009801', '0.00042337', '0.0023217']"
"['5/17/09', '0.021344', '0', '0.021926', '0.0063857', '0.0012844', '0.00024347', '0.0012567', '0.066361', '0.36555', '0.01975', '0', '0.18572', '0.30607', '0', '0', '0', '0.00038538', '0.00098009', '0.00042337', '0.0023217']"
"['5/25/09', '0.021345', '0', '0.021926', '0.0063856', '0.0012846', '0.00024358', '0.0012558', '0.06636', '0.36553', '0.01975', '0', '0.18573', '0.30607', '0', '0', '0', '0.00038521', '0.00098', '0.00042337', '0.0023217']"
"['6/14/09', '0.021349', '0', '0.021926', '0.0063852', '0.0012852', '0.00024386', '0.0012533', '0.066358', '0.36551', '0.019749', '0', '0.18576', '0.30607', '0', '0', '0', '0.00038477', '0.00097976', '0.00042337', '0.0023217']"
"['6/19/09', '0.02135', '0', '0.021925', '0.0063851', '0.0012854', '0.00024393', '0.0012527', '0.066358', '0.3655', '0.019749', '0', '0.18577', '0.30607', '0', '0', '0', '0.00038466', '0.0009797', '0.00042337', '0.0023217']"
"['6/25/09', '0.021351', '0', '0.021925', '0.006385', '0.0012855', '0.00024401', '0.001252', '0.066357', '0.36549', '0.019749', '0', '0.18577', '0.30607', '0', '0', '0', '0.00038453', '0.00097963', '0.00042337', '0.0023217']"
"['6/28/09', '0.021352', '0', '0.021925', '0.0063849', '0.0012856', '0.00024405', '0.0012516', '0.066357', '0.36549', '0.019749', '0', '0.18578', '0.30607', '0', '0', '0', '0.00038446', '0.0009796', '0.00042337', '0.0023217']"
"['6/29/09', '0.021352', '0', '0.021925', '0.0063849', '0.0012856', '0.00024407', '0.0012515', '0.066357', '0.36549', '0.019749', '0', '0.18578', '0.30607', '0', '0', '0', '0.00038444', '0.00097959', '0.00042337', '0.0023217']"
"['6/29/09', '0.021352', '0', '0.021925', '0.0063849', '0.0012856', '0.00024407', '0.0012515', '0.066357', '0.36549', '0.019749', '0', '0.18578', '0.30607', '0', '0', '0', '0.00038444', '0.00097959', '0.00042337', '0.0023217']"
"['7/4/09', '0.021353', '0', '0.021925', '0.0063848', '0.0012858', '0.00024414', '0.0012509', '0.066357', '0.36548', '0.019749', '0', '0.18579', '0.30607', '0', '0', '0', '0.00038433', '0.00097953', '0.00042337', '0.0023217']"
"['7/17/09', '0.021356', '0', '0.021925', '0.0063845', '0.0012861', '0.00024432', '0.0012493', '0.066355', '0.36546', '0.019748', '0', '0.1858', '0.30607', '0', '0', '0', '0.00038405', '0.00097938', '0.00042337', '0.0023217']"
"['7/25/09', '0.021357', '0', '0.021925', '0.0063844', '0.0012864', '0.00024443', '0.0012483', '0.066355', '0.36545', '0.019748', '0', '0.18581', '0.30608', '0', '0', '0', '0.00038387', '0.00097928', '0.00042337', '0.0023217']"
"['7/29/09', '0.021358', '0', '0.021925', '0.0063843', '0.0012865', '0.00024449', '0.0012478', '0.066354', '0.36545', '0.019748', '0', '0.18582', '0.30608', '0', '0', '0', '0.00038379', '0.00097923', '0.00042337', '0.0023217']"
"['8/1/09', '0.021359', '0', '0.021924', '0.0063842', '0.0012866', '0.00024453', '0.0012475', '0.066354', '0.36544', '0.019748', '0', '0.18582', '0.30608', '0', '0', '0', '0.00038372', '0.0009792', '0.00042337', '0.0023217']"
"['8/11/09', '0.02136', '0', '0.021924', '0.006384', '0.0012869', '0.00024467', '0.0012462', '0.066353', '0.36543', '0.019748', '0', '0.18584', '0.30608', '0', '0', '0', '0.0003835', '0.00097908', '0.00042337', '0.0023217']"
"['8/13/09', '0.021361', '0', '0.021924', '0.006384', '0.0012869', '0.00024469', '0.001246', '0.066353', '0.36543', '0.019748', '0', '0.18584', '0.30608', '0', '0', '0', '0.00038346', '0.00097906', '0.00042337', '0.0023217']"
"['8/13/09', '0.021361', '0', '0.021924', '0.006384', '0.0012869', '0.00024469', '0.001246', '0.066353', '0.36543', '0.019748', '0', '0.18584', '0.30608', '0', '0', '0', '0.00038346', '0.00097906', '0.00042337', '0.0023217']"
"['8/20/09', '0.021362', '0', '0.021924', '0.0063838', '0.0012871', '0.00024479', '0.0012451', '0.066352', '0.36542', '0.019747', '0', '0.18585', '0.30608', '0', '0', '0', '0.00038331', '0.00097898', '0.00042337', '0.0023217']"
"['8/22/09', '0.021363', '0', '0.021924', '0.0063838', '0.0012872', '0.00024482', '0.0012449', '0.066352', '0.36542', '0.019747', '0', '0.18585', '0.30608', '0', '0', '0', '0.00038326', '0.00097895', '0.00042337', '0.0023217']"
"['8/26/09', '0.021363', '0', '0.021924', '0.0063837', '0.0012873', '0.00024488', '0.0012444', '0.066352', '0.36541', '0.019747', '0', '0.18586', '0.30608', '0', '0', '0', '0.00038317', '0.0009789', '0.00042337', '0.0023217']"
"['8/30/09', '0.021364', '0', '0.021924', '0.0063837', '0.0012874', '0.00024493', '0.0012439', '0.066352', '0.36541', '0.019747', '0', '0.18586', '0.30608', '0', '0', '0', '0.00038309', '0.00097886', '0.00042337', '0.0023217']"
"['9/9/09', '0.021366', '0', '0.021924', '0.0063835', '0.0012877', '0.00024507', '0.0012427', '0.066351', '0.36539', '0.019747', '0', '0.18588', '0.30608', '0', '0', '0', '0.00038287', '0.00097874', '0.00042337', '0.0023217']"
"['9/10/09', '0.021366', '0', '0.021924', '0.0063834', '0.0012877', '0.00024509', '0.0012426', '0.066351', '0.36539', '0.019747', '0', '0.18588', '0.30608', '0', '0', '0', '0.00038285', '0.00097873', '0.00042337', '0.0023217']"
"['9/12/09', '0.021367', '0', '0.021923', '0.0063834', '0.0012878', '0.00024511', '0.0012423', '0.06635', '0.36539', '0.019747', '0', '0.18588', '0.30608', '0', '0', '0', '0.0003828', '0.00097871', '0.00042337', '0.0023217']"
"['9/17/09', '0.021368', '0', '0.021923', '0.0063833', '0.0012879', '0.00024518', '0.0012417', '0.06635', '0.36538', '0.019747', '0', '0.18589', '0.30608', '0', '0', '0', '0.00038269', '0.00097865', '0.00042337', '0.0023217']"
"['9/28/09', '0.02137', '0', '0.021923', '0.0063831', '0.0012882', '0.00024534', '0.0012404', '0.066349', '0.36537', '0.019746', '0', '0.1859', '0.30608', '0', '0', '0', '0.00038245', '0.00097852', '0.00042337', '0.0023217']"
"['9/30/09', '0.02137', '0', '0.021923', '0.006383', '0.0012883', '0.00024536', '0.0012401', '0.066349', '0.36536', '0.019746', '0', '0.18591', '0.30608', '0', '0', '0', '0.00038241', '0.00097849', '0.00042337', '0.0023217']"
"['10/5/09', '0.021371', '0', '0.021923', '0.0063829', '0.0012884', '0.00024543', '0.0012395', '0.066348', '0.36536', '0.019746', '0', '0.18591', '0.30608', '0', '0', '0', '0.0003823', '0.00097843', '0.00042337', '0.0023217']"
"['10/9/09', '0.021372', '0', '0.021923', '0.0063829', '0.0012885', '0.00024549', '0.001239', '0.066348', '0.36535', '0.019746', '0', '0.18592', '0.30608', '0', '0', '0', '0.00038221', '0.00097839', '0.00042337', '0.0023217']"
"['10/10/09', '0.021372', '0', '0.021923', '0.0063828', '0.0012886', '0.0002455', '0.0012389', '0.066348', '0.36535', '0.019746', '0', '0.18592', '0.30608', '0', '0', '0', '0.00038219', '0.00097838', '0.00042337', '0.0023217']"
"['11/4/09', '0.021377', '0', '0.021922', '0.0063824', '0.0012893', '0.00024585', '0.0012359', '0.066346', '0.36532', '0.019745', '0', '0.18595', '0.30608', '0', '0', '0', '0.00038164', '0.00097808', '0.00042337', '0.0023217']"
"['11/6/09', '0.021377', '0', '0.021922', '0.0063823', '0.0012893', '0.00024588', '0.0012356', '0.066346', '0.36532', '0.019745', '0', '0.18596', '0.30608', '0', '0', '0', '0.0003816', '0.00097806', '0.00042337', '0.0023217']"
"['11/20/09', '0.02138', '0', '0.021922', '0.006382', '0.0012897', '0.00024608', '0.0012339', '0.066344', '0.3653', '0.019745', '0', '0.18597', '0.30608', '0', '0', '0', '0.0003813', '0.00097789', '0.00042337', '0.0023217']"
"['11/22/09', '0.021381', '0', '0.021922', '0.006382', '0.0012898', '0.0002461', '0.0012337', '0.066344', '0.36529', '0.019745', '0', '0.18598', '0.30608', '0', '0', '0', '0.00038125', '0.00097787', '0.00042337', '0.0023217']"
"['11/24/09', '0.021381', '0', '0.021922', '0.006382', '0.0012898', '0.00024613', '0.0012334', '0.066344', '0.36529', '0.019745', '0', '0.18598', '0.30608', '0', '0', '0', '0.00038121', '0.00097785', '0.00042337', '0.0023217']"
"['11/26/09', '0.021381', '0', '0.021922', '0.0063819', '0.0012899', '0.00024616', '0.0012332', '0.066344', '0.36529', '0.019745', '0', '0.18598', '0.30608', '0', '0', '0', '0.00038116', '0.00097782', '0.00042337', '0.0023217']"
"['5/25/10', '0.021416', '0', '0.021918', '0.0063784', '0.001295', '0.00024867', '0.0012112', '0.066328', '0.36505', '0.019739', '0', '0.18622', '0.30609', '0', '0', '0', '0.00037723', '0.00097571', '0.00042337', '0.0023217']"
"['5/25/10', '0.021416', '0', '0.021918', '0.0063784', '0.001295', '0.00024867', '0.0012112', '0.066328', '0.36505', '0.019739', '0', '0.18622', '0.30609', '0', '0', '0', '0.00037723', '0.00097571', '0.00042337', '0.0023217']"
"['5/31/10', '0.021418', '0', '0.021917', '0.0063783', '0.0012952', '0.00024876', '0.0012104', '0.066327', '0.36504', '0.019739', '0', '0.18623', '0.30609', '0', '0', '0', '0.0003771', '0.00097564', '0.00042337', '0.0023217']"
"['6/14/10', '0.02142', '0', '0.021917', '0.006378', '0.0012956', '0.00024895', '0.0012087', '0.066326', '0.36502', '0.019739', '0', '0.18625', '0.30609', '0', '0', '0', '0.00037679', '0.00097547', '0.00042337', '0.0023217']"
"['6/15/10', '0.021421', '0', '0.021917', '0.006378', '0.0012956', '0.00024897', '0.0012086', '0.066326', '0.36502', '0.019739', '0', '0.18625', '0.30609', '0', '0', '0', '0.00037677', '0.00097546', '0.00042337', '0.0023217']"
"['6/18/10', '0.021421', '0', '0.021917', '0.0063779', '0.0012957', '0.00024901', '0.0012082', '0.066326', '0.36502', '0.019739', '0', '0.18626', '0.30609', '0', '0', '0', '0.0003767', '0.00097543', '0.00042337', '0.0023217']"
"['6/18/10', '0.021421', '0', '0.021917', '0.0063779', '0.0012957', '0.00024901', '0.0012082', '0.066326', '0.36502', '0.019739', '0', '0.18626', '0.30609', '0', '0', '0', '0.0003767', '0.00097543', '0.00042337', '0.0023217']"
"['6/18/10', '0.021421', '0', '0.021917', '0.0063779', '0.0012957', '0.00024901', '0.0012082', '0.066326', '0.36502', '0.019739', '0', '0.18626', '0.30609', '0', '0', '0', '0.0003767', '0.00097543', '0.00042337', '0.0023217']"
"['6/19/10', '0.021421', '0', '0.021917', '0.0063779', '0.0012957', '0.00024902', '0.0012081', '0.066326', '0.36502', '0.019739', '0', '0.18626', '0.30609', '0', '0', '0', '0.00037668', '0.00097541', '0.00042337', '0.0023217']"
"['6/21/10', '0.021422', '0', '0.021917', '0.0063779', '0.0012958', '0.00024905', '0.0012079', '0.066326', '0.36501', '0.019739', '0', '0.18626', '0.30609', '0', '0', '0', '0.00037664', '0.00097539', '0.00042337', '0.0023217']"
"['6/27/10', '0.021423', '0', '0.021917', '0.0063777', '0.001296', '0.00024913', '0.0012071', '0.066325', '0.36501', '0.019738', '0', '0.18627', '0.3061', '0', '0', '0', '0.00037651', '0.00097532', '0.00042337', '0.0023217']"
"['6/27/10', '0.021423', '0', '0.021917', '0.0063777', '0.001296', '0.00024913', '0.0012071', '0.066325', '0.36501', '0.019738', '0', '0.18627', '0.3061', '0', '0', '0', '0.00037651', '0.00097532', '0.00042337', '0.0023217']"
"['7/1/10', '0.021424', '0', '0.021917', '0.0063777', '0.0012961', '0.00024919', '0.0012067', '0.066325', '0.365', '0.019738', '0', '0.18627', '0.3061', '0', '0', '0', '0.00037642', '0.00097527', '0.00042337', '0.0023217']"
"['7/1/10', '0.021424', '0', '0.021917', '0.0063777', '0.0012961', '0.00024919', '0.0012067', '0.066325', '0.365', '0.019738', '0', '0.18627', '0.3061', '0', '0', '0', '0.00037642', '0.00097527', '0.00042337', '0.0023217']"
"['7/3/10', '0.021424', '0', '0.021917', '0.0063776', '0.0012961', '0.00024922', '0.0012064', '0.066325', '0.365', '0.019738', '0', '0.18628', '0.3061', '0', '0', '0', '0.00037638', '0.00097525', '0.00042337', '0.0023217']"
"['7/4/10', '0.021424', '0', '0.021917', '0.0063776', '0.0012962', '0.00024923', '0.0012063', '0.066324', '0.365', '0.019738', '0', '0.18628', '0.3061', '0', '0', '0', '0.00037636', '0.00097524', '0.00042337', '0.0023217']"
"['7/4/10', '0.021424', '0', '0.021917', '0.0063776', '0.0012962', '0.00024923', '0.0012063', '0.066324', '0.365', '0.019738', '0', '0.18628', '0.3061', '0', '0', '0', '0.00037636', '0.00097524', '0.00042337', '0.0023217']"
"['7/5/10', '0.021424', '0', '0.021917', '0.0063776', '0.0012962', '0.00024925', '0.0012062', '0.066324', '0.365', '0.019738', '0', '0.18628', '0.3061', '0', '0', '0', '0.00037633', '0.00097523', '0.00042337', '0.0023217']"
"['7/9/10', '0.021425', '0', '0.021917', '0.0063775', '0.0012963', '0.0002493', '0.0012057', '0.066324', '0.36499', '0.019738', '0', '0.18629', '0.3061', '0', '0', '0', '0.00037625', '0.00097518', '0.00042337', '0.0023217']"
"['7/15/10', '0.021426', '0', '0.021916', '0.0063774', '0.0012965', '0.00024939', '0.0012049', '0.066324', '0.36498', '0.019738', '0', '0.18629', '0.3061', '0', '0', '0', '0.00037611', '0.00097511', '0.00042337', '0.0023217']"
"['7/16/10', '0.021427', '0', '0.021916', '0.0063774', '0.0012965', '0.0002494', '0.0012048', '0.066323', '0.36498', '0.019738', '0', '0.18629', '0.3061', '0', '0', '0', '0.00037609', '0.0009751', '0.00042337', '0.0023217']"
"['7/30/10', '0.021429', '0', '0.021916', '0.0063771', '0.0012969', '0.00024959', '0.0012031', '0.066322', '0.36496', '0.019737', '0', '0.18631', '0.3061', '0', '0', '0', '0.00037579', '0.00097493', '0.00042337', '0.0023217']"
"['7/31/10', '0.021429', '0', '0.021916', '0.0063771', '0.0012969', '0.00024961', '0.001203', '0.066322', '0.36496', '0.019737', '0', '0.18631', '0.3061', '0', '0', '0', '0.00037577', '0.00097492', '0.00042337', '0.0023217']"
"['7/31/10', '0.021429', '0', '0.021916', '0.0063771', '0.0012969', '0.00024961', '0.001203', '0.066322', '0.36496', '0.019737', '0', '0.18631', '0.3061', '0', '0', '0', '0.00037577', '0.00097492', '0.00042337', '0.0023217']"
"['7/31/10', '0.021429', '0', '0.021916', '0.0063771', '0.0012969', '0.00024961', '0.001203', '0.066322', '0.36496', '0.019737', '0', '0.18631', '0.3061', '0', '0', '0', '0.00037577', '0.00097492', '0.00042337', '0.0023217']"
"['7/31/10', '0.021429', '0', '0.021916', '0.0063771', '0.0012969', '0.00024961', '0.001203', '0.066322', '0.36496', '0.019737', '0', '0.18631', '0.3061', '0', '0', '0', '0.00037577', '0.00097492', '0.00042337', '0.0023217']"
"['8/14/10', '0.021432', '0', '0.021916', '0.0063768', '0.0012973', '0.0002498', '0.0012013', '0.066321', '0.36494', '0.019737', '0', '0.18633', '0.3061', '0', '0', '0', '0.00037546', '0.00097476', '0.00042337', '0.0023217']"
"['8/14/10', '0.021432', '0', '0.021916', '0.0063768', '0.0012973', '0.0002498', '0.0012013', '0.066321', '0.36494', '0.019737', '0', '0.18633', '0.3061', '0', '0', '0', '0.00037546', '0.00097476', '0.00042337', '0.0023217']"
"['8/15/10', '0.021432', '0', '0.021916', '0.0063768', '0.0012974', '0.00024982', '0.0012012', '0.066321', '0.36494', '0.019737', '0', '0.18633', '0.3061', '0', '0', '0', '0.00037544', '0.00097474', '0.00042337', '0.0023217']"
"['8/16/10', '0.021433', '0', '0.021916', '0.0063768', '0.0012974', '0.00024983', '0.001201', '0.066321', '0.36494', '0.019737', '0', '0.18634', '0.3061', '0', '0', '0', '0.00037542', '0.00097473', '0.00042337', '0.0023217']"
"['8/22/10', '0.021434', '0', '0.021916', '0.0063766', '0.0012976', '0.00024992', '0.0012003', '0.06632', '0.36493', '0.019737', '0', '0.18634', '0.3061', '0', '0', '0', '0.00037528', '0.00097466', '0.00042337', '0.0023217']"
"['8/22/10', '0.021434', '0', '0.021916', '0.0063766', '0.0012976', '0.00024992', '0.0012003', '0.06632', '0.36493', '0.019737', '0', '0.18634', '0.3061', '0', '0', '0', '0.00037528', '0.00097466', '0.00042337', '0.0023217']"
"['8/28/10', '0.021435', '0', '0.021915', '0.0063765', '0.0012977', '0.00025', '0.0011996', '0.06632', '0.36492', '0.019737', '0', '0.18635', '0.3061', '0', '0', '0', '0.00037515', '0.00097459', '0.00042337', '0.0023217']"
"['9/6/10', '0.021437', '0', '0.021915', '0.0063763', '0.001298', '0.00025013', '0.0011985', '0.066319', '0.36491', '0.019736', '0', '0.18636', '0.3061', '0', '0', '0', '0.00037496', '0.00097448', '0.00042337', '0.0023217']"
"['9/10/10', '0.021437', '0', '0.021915', '0.0063763', '0.0012981', '0.00025018', '0.001198', '0.066319', '0.36491', '0.019736', '0', '0.18637', '0.3061', '0', '0', '0', '0.00037487', '0.00097444', '0.00042337', '0.0023217']"
"['9/12/10', '0.021438', '0', '0.021915', '0.0063762', '0.0012982', '0.00025021', '0.0011977', '0.066318', '0.3649', '0.019736', '0', '0.18637', '0.3061', '0', '0', '0', '0.00037483', '0.00097441', '0.00042337', '0.0023217']"
"['9/14/10', '0.021438', '0', '0.021915', '0.0063762', '0.0012982', '0.00025024', '0.0011975', '0.066318', '0.3649', '0.019736', '0', '0.18638', '0.3061', '0', '0', '0', '0.00037478', '0.00097439', '0.00042337', '0.0023217']"
"['9/25/10', '0.02144', '0', '0.021915', '0.006376', '0.0012985', '0.00025039', '0.0011962', '0.066317', '0.36489', '0.019736', '0', '0.18639', '0.3061', '0', '0', '0', '0.00037454', '0.00097426', '0.00042337', '0.0023217']"
"['9/28/10', '0.021441', '0', '0.021915', '0.0063759', '0.0012986', '0.00025043', '0.0011958', '0.066317', '0.36488', '0.019736', '0', '0.18639', '0.3061', '0', '0', '0', '0.00037448', '0.00097423', '0.00042337', '0.0023217']"
"['9/28/10', '0.021441', '0', '0.021915', '0.0063759', '0.0012986', '0.00025043', '0.0011958', '0.066317', '0.36488', '0.019736', '0', '0.18639', '0.3061', '0', '0', '0', '0.00037448', '0.00097423', '0.00042337', '0.0023217']"
"['9/29/10', '0.021441', '0', '0.021915', '0.0063759', '0.0012986', '0.00025045', '0.0011957', '0.066317', '0.36488', '0.019736', '0', '0.1864', '0.3061', '0', '0', '0', '0.00037445', '0.00097421', '0.00042337', '0.0023217']"
"['9/29/10', '0.021441', '0', '0.021915', '0.0063759', '0.0012986', '0.00025045', '0.0011957', '0.066317', '0.36488', '0.019736', '0', '0.1864', '0.3061', '0', '0', '0', '0.00037445', '0.00097421', '0.00042337', '0.0023217']"
"['10/3/10', '0.021442', '0', '0.021915', '0.0063758', '0.0012988', '0.0002505', '0.0011952', '0.066316', '0.36488', '0.019736', '0', '0.1864', '0.3061', '0', '0', '0', '0.00037437', '0.00097417', '0.00042337', '0.0023217']"
"['10/28/10', '0.021447', '0', '0.021914', '0.0063753', '0.0012995', '0.00025085', '0.0011921', '0.066314', '0.36484', '0.019735', '0', '0.18643', '0.3061', '0', '0', '0', '0.00037382', '0.00097387', '0.00042337', '0.0023217']"
