"2/9/06","0.009917","0","0.025202","0.0040209","0.0033538","0.00031317","0.006857","0.049527","0.62254","0.072897","0","0.11039","0.069867","0","0","0","0.017711","0.00055818","0.0036066","0.0032352"
"2/13/06","0.0099169","0","0.025202","0.0040208","0.0033541","0.00031322","0.0068589","0.049526","0.62253","0.072896","0","0.1104","0.069873","0","0","0","0.017711","0.0005582","0.0036065","0.0032353"
"2/22/06","0.0099164","0","0.025201","0.0040208","0.003355","0.00031334","0.0068632","0.049526","0.6225","0.072894","0","0.11041","0.069888","0","0","0","0.017711","0.00055824","0.0036065","0.0032355"
"2/24/06","0.0099163","0","0.025201","0.0040207","0.0033551","0.00031336","0.0068642","0.049526","0.62249","0.072894","0","0.11041","0.069891","0","0","0","0.017711","0.00055825","0.0036065","0.0032355"
"2/26/06","0.0099162","0","0.025201","0.0040207","0.0033553","0.00031339","0.0068651","0.049526","0.62249","0.072893","0","0.11042","0.069894","0","0","0","0.017711","0.00055826","0.0036065","0.0032355"
"2/26/06","0.0099162","0","0.025201","0.0040207","0.0033553","0.00031339","0.0068651","0.049526","0.62249","0.072893","0","0.11042","0.069894","0","0","0","0.017711","0.00055826","0.0036065","0.0032355"
"7/9/06","0.0099099","0","0.025189","0.0040195","0.0033673","0.00031514","0.0069291","0.049518","0.62205","0.072867","0","0.11062","0.070104","0","0","0","0.01771","0.00055895","0.0036056","0.0032378"
"7/11/06","0.0099098","0","0.025189","0.0040195","0.0033675","0.00031516","0.00693","0.049518","0.62205","0.072867","0","0.11062","0.070107","0","0","0","0.01771","0.00055896","0.0036056","0.0032378"
"7/17/06","0.0099096","0","0.025188","0.0040194","0.003368","0.00031524","0.0069329","0.049518","0.62203","0.072866","0","0.11063","0.070116","0","0","0","0.01771","0.00055899","0.0036056","0.0032379"
"7/29/06","0.009909","0","0.025187","0.0040193","0.0033691","0.0003154","0.0069387","0.049517","0.62199","0.072863","0","0.11065","0.070135","0","0","0","0.01771","0.00055905","0.0036055","0.0032381"
"8/6/06","0.0099086","0","0.025186","0.0040192","0.0033698","0.00031551","0.0069425","0.049517","0.62196","0.072862","0","0.11066","0.070148","0","0","0","0.01771","0.00055909","0.0036054","0.0032382"
"8/6/06","0.0099086","0","0.025186","0.0040192","0.0033698","0.00031551","0.0069425","0.049517","0.62196","0.072862","0","0.11066","0.070148","0","0","0","0.01771","0.00055909","0.0036054","0.0032382"
"8/6/06","0.0099086","0","0.025186","0.0040192","0.0033698","0.00031551","0.0069425","0.049517","0.62196","0.072862","0","0.11066","0.070148","0","0","0","0.01771","0.00055909","0.0036054","0.0032382"
"8/18/06","0.0099081","0","0.025185","0.0040191","0.0033709","0.00031566","0.0069483","0.049516","0.62192","0.07286","0","0.11068","0.070167","0","0","0","0.01771","0.00055915","0.0036053","0.0032384"
"8/18/06","0.0099081","0","0.025185","0.0040191","0.0033709","0.00031566","0.0069483","0.049516","0.62192","0.07286","0","0.11068","0.070167","0","0","0","0.01771","0.00055915","0.0036053","0.0032384"
"9/4/06","0.0099072","0","0.025184","0.0040189","0.0033724","0.00031589","0.0069565","0.049515","0.62187","0.072856","0","0.1107","0.070193","0","0","0","0.01771","0.00055924","0.0036052","0.0032387"
"9/8/06","0.0099071","0","0.025183","0.0040189","0.0033728","0.00031594","0.0069584","0.049515","0.62185","0.072855","0","0.11071","0.0702","0","0","0","0.01771","0.00055926","0.0036052","0.0032388"
"9/16/06","0.0099067","0","0.025183","0.0040188","0.0033735","0.00031604","0.0069623","0.049514","0.62183","0.072854","0","0.11072","0.070212","0","0","0","0.01771","0.0005593","0.0036052","0.0032389"
"9/17/06","0.0099066","0","0.025183","0.0040188","0.0033736","0.00031606","0.0069627","0.049514","0.62182","0.072854","0","0.11072","0.070214","0","0","0","0.01771","0.00055931","0.0036052","0.0032389"
"9/20/06","0.0099065","0","0.025182","0.0040188","0.0033739","0.0003161","0.0069642","0.049514","0.62181","0.072853","0","0.11072","0.070219","0","0","0","0.01771","0.00055932","0.0036051","0.003239"
"9/24/06","0.0099063","0","0.025182","0.0040188","0.0033742","0.00031615","0.0069661","0.049514","0.6218","0.072852","0","0.11073","0.070225","0","0","0","0.017709","0.00055934","0.0036051","0.0032391"
"9/25/06","0.0099063","0","0.025182","0.0040188","0.0033743","0.00031616","0.0069666","0.049514","0.6218","0.072852","0","0.11073","0.070227","0","0","0","0.017709","0.00055935","0.0036051","0.0032391"
"10/1/06","0.009906","0","0.025181","0.0040187","0.0033749","0.00031624","0.0069695","0.049513","0.62178","0.072851","0","0.11074","0.070236","0","0","0","0.017709","0.00055938","0.0036051","0.0032392"
"10/4/06","0.0099058","0","0.025181","0.0040187","0.0033751","0.00031628","0.0069709","0.049513","0.62177","0.07285","0","0.11075","0.070241","0","0","0","0.017709","0.0005594","0.003605","0.0032392"
"10/12/06","0.0099054","0","0.02518","0.0040186","0.0033758","0.00031639","0.0069748","0.049513","0.62174","0.072849","0","0.11076","0.070253","0","0","0","0.017709","0.00055944","0.003605","0.0032394"
"10/23/06","0.0099049","0","0.025179","0.0040185","0.0033768","0.00031653","0.00698","0.049512","0.62171","0.072847","0","0.11077","0.070271","0","0","0","0.017709","0.00055949","0.0036049","0.0032395"
"12/6/06","0.0099028","0","0.025175","0.0040181","0.0033808","0.00031711","0.0070012","0.04951","0.62156","0.072838","0","0.11084","0.07034","0","0","0","0.017709","0.00055972","0.0036046","0.0032403"
"2/2/07","0.0099001","0","0.02517","0.0040175","0.003386","0.00031787","0.0070291","0.049506","0.62137","0.072827","0","0.11093","0.070432","0","0","0","0.017709","0.00056002","0.0036043","0.0032413"
"2/6/07","0.0098999","0","0.02517","0.0040175","0.0033864","0.00031792","0.007031","0.049506","0.62136","0.072826","0","0.11093","0.070438","0","0","0","0.017709","0.00056004","0.0036042","0.0032413"
"4/1/07","0.0098974","0","0.025165","0.004017","0.0033912","0.00031863","0.007057","0.049503","0.62118","0.072815","0","0.11101","0.070523","0","0","0","0.017708","0.00056032","0.0036039","0.0032422"
"4/1/07","0.0098974","0","0.025165","0.004017","0.0033912","0.00031863","0.007057","0.049503","0.62118","0.072815","0","0.11101","0.070523","0","0","0","0.017708","0.00056032","0.0036039","0.0032422"
"4/24/07","0.0098963","0","0.025163","0.0040168","0.0033933","0.00031894","0.007068","0.049502","0.62111","0.072811","0","0.11105","0.070559","0","0","0","0.017708","0.00056043","0.0036037","0.0032426"
"5/6/07","0.0098957","0","0.025162","0.0040167","0.0033944","0.00031909","0.0070738","0.049501","0.62107","0.072808","0","0.11107","0.070578","0","0","0","0.017708","0.0005605","0.0036037","0.0032428"
"6/3/07","0.0098944","0","0.025159","0.0040164","0.0033969","0.00031946","0.0070873","0.049499","0.62098","0.072803","0","0.11111","0.070622","0","0","0","0.017708","0.00056064","0.0036035","0.0032433"
"6/19/07","0.0098936","0","0.025158","0.0040163","0.0033983","0.00031967","0.0070949","0.049499","0.62093","0.0728","0","0.11113","0.070648","0","0","0","0.017708","0.00056072","0.0036034","0.0032436"
"6/20/07","0.0098936","0","0.025158","0.0040163","0.0033984","0.00031969","0.0070954","0.049499","0.62092","0.0728","0","0.11113","0.070649","0","0","0","0.017708","0.00056073","0.0036034","0.0032436"
"6/27/07","0.0098932","0","0.025157","0.0040162","0.0033991","0.00031978","0.0070988","0.049498","0.6209","0.072798","0","0.11114","0.07066","0","0","0","0.017708","0.00056076","0.0036033","0.0032437"
"6/28/07","0.0098932","0","0.025157","0.0040162","0.0033992","0.00031979","0.0070993","0.049498","0.6209","0.072798","0","0.11114","0.070662","0","0","0","0.017708","0.00056077","0.0036033","0.0032437"
"7/8/07","0.0098927","0","0.025156","0.0040161","0.0034001","0.00031992","0.0071041","0.049497","0.62086","0.072796","0","0.11116","0.070677","0","0","0","0.017708","0.00056082","0.0036032","0.0032439"
"7/12/07","0.0098925","0","0.025156","0.004016","0.0034004","0.00031997","0.007106","0.049497","0.62085","0.072795","0","0.11117","0.070684","0","0","0","0.017708","0.00056084","0.0036032","0.0032439"
"7/12/07","0.0098925","0","0.025156","0.004016","0.0034004","0.00031997","0.007106","0.049497","0.62085","0.072795","0","0.11117","0.070684","0","0","0","0.017708","0.00056084","0.0036032","0.0032439"
"7/13/07","0.0098925","0","0.025156","0.004016","0.0034005","0.00031999","0.0071065","0.049497","0.62085","0.072795","0","0.11117","0.070685","0","0","0","0.017708","0.00056085","0.0036032","0.003244"
"7/27/07","0.0098918","0","0.025154","0.0040159","0.0034018","0.00032017","0.0071132","0.049496","0.6208","0.072792","0","0.11119","0.070707","0","0","0","0.017707","0.00056092","0.0036031","0.0032442"
"8/4/07","0.0098914","0","0.025154","0.0040158","0.0034025","0.00032028","0.0071171","0.049496","0.62078","0.072791","0","0.1112","0.07072","0","0","0","0.017707","0.00056096","0.0036031","0.0032443"
"8/4/07","0.0098914","0","0.025154","0.0040158","0.0034025","0.00032028","0.0071171","0.049496","0.62078","0.072791","0","0.1112","0.07072","0","0","0","0.017707","0.00056096","0.0036031","0.0032443"
"8/8/07","0.0098912","0","0.025153","0.0040158","0.0034028","0.00032033","0.007119","0.049496","0.62076","0.07279","0","0.11121","0.070726","0","0","0","0.017707","0.00056098","0.003603","0.0032444"
"8/8/07","0.0098912","0","0.025153","0.0040158","0.0034028","0.00032033","0.007119","0.049496","0.62076","0.07279","0","0.11121","0.070726","0","0","0","0.017707","0.00056098","0.003603","0.0032444"
"8/9/07","0.0098912","0","0.025153","0.0040158","0.0034029","0.00032034","0.0071195","0.049496","0.62076","0.07279","0","0.11121","0.070728","0","0","0","0.017707","0.00056098","0.003603","0.0032444"
"8/14/07","0.009891","0","0.025153","0.0040157","0.0034034","0.00032041","0.0071219","0.049495","0.62074","0.072789","0","0.11121","0.070736","0","0","0","0.017707","0.00056101","0.003603","0.0032445"
"8/14/07","0.009891","0","0.025153","0.0040157","0.0034034","0.00032041","0.0071219","0.049495","0.62074","0.072789","0","0.11121","0.070736","0","0","0","0.017707","0.00056101","0.003603","0.0032445"
"8/18/07","0.0098908","0","0.025152","0.0040157","0.0034037","0.00032046","0.0071238","0.049495","0.62073","0.072788","0","0.11122","0.070742","0","0","0","0.017707","0.00056103","0.003603","0.0032446"
"8/22/07","0.0098906","0","0.025152","0.0040157","0.0034041","0.00032051","0.0071257","0.049495","0.62072","0.072787","0","0.11123","0.070748","0","0","0","0.017707","0.00056105","0.003603","0.0032446"
"8/23/07","0.0098905","0","0.025152","0.0040157","0.0034042","0.00032053","0.0071262","0.049495","0.62071","0.072787","0","0.11123","0.07075","0","0","0","0.017707","0.00056106","0.003603","0.0032446"
"8/26/07","0.0098904","0","0.025152","0.0040156","0.0034045","0.00032057","0.0071276","0.049495","0.62071","0.072787","0","0.11123","0.070755","0","0","0","0.017707","0.00056107","0.0036029","0.0032447"
"8/27/07","0.0098903","0","0.025152","0.0040156","0.0034046","0.00032058","0.0071281","0.049495","0.6207","0.072786","0","0.11123","0.070756","0","0","0","0.017707","0.00056108","0.0036029","0.0032447"
"8/31/07","0.0098902","0","0.025151","0.0040156","0.0034049","0.00032063","0.00713","0.049494","0.62069","0.072786","0","0.11124","0.070763","0","0","0","0.017707","0.0005611","0.0036029","0.0032448"
"9/1/07","0.0098901","0","0.025151","0.0040156","0.003405","0.00032065","0.0071305","0.049494","0.62069","0.072785","0","0.11124","0.070764","0","0","0","0.017707","0.0005611","0.0036029","0.0032448"
"9/3/07","0.00989","0","0.025151","0.0040156","0.0034052","0.00032067","0.0071315","0.049494","0.62068","0.072785","0","0.11124","0.070767","0","0","0","0.017707","0.00056111","0.0036029","0.0032448"
"9/4/07","0.00989","0","0.025151","0.0040155","0.0034053","0.00032068","0.007132","0.049494","0.62068","0.072785","0","0.11125","0.070769","0","0","0","0.017707","0.00056112","0.0036029","0.0032448"
"9/5/07","0.0098899","0","0.025151","0.0040155","0.0034054","0.0003207","0.0071324","0.049494","0.62067","0.072785","0","0.11125","0.07077","0","0","0","0.017707","0.00056112","0.0036029","0.0032449"
"9/9/07","0.0098897","0","0.025151","0.0040155","0.0034057","0.00032075","0.0071344","0.049494","0.62066","0.072784","0","0.11125","0.070777","0","0","0","0.017707","0.00056114","0.0036028","0.0032449"
"9/10/07","0.0098897","0","0.02515","0.0040155","0.0034058","0.00032076","0.0071348","0.049494","0.62066","0.072784","0","0.11125","0.070778","0","0","0","0.017707","0.00056115","0.0036028","0.003245"
"9/17/07","0.0098894","0","0.02515","0.0040154","0.0034064","0.00032086","0.0071382","0.049493","0.62063","0.072782","0","0.11127","0.070789","0","0","0","0.017707","0.00056119","0.0036028","0.0032451"
"9/17/07","0.0098894","0","0.02515","0.0040154","0.0034064","0.00032086","0.0071382","0.049493","0.62063","0.072782","0","0.11127","0.070789","0","0","0","0.017707","0.00056119","0.0036028","0.0032451"
"9/18/07","0.0098893","0","0.02515","0.0040154","0.0034065","0.00032087","0.0071387","0.049493","0.62063","0.072782","0","0.11127","0.070791","0","0","0","0.017707","0.00056119","0.0036028","0.0032451"
"9/20/07","0.0098892","0","0.02515","0.0040154","0.0034067","0.0003209","0.0071397","0.049493","0.62062","0.072782","0","0.11127","0.070794","0","0","0","0.017707","0.0005612","0.0036028","0.0032451"
"9/28/07","0.0098888","0","0.025149","0.0040153","0.0034074","0.000321","0.0071435","0.049493","0.6206","0.07278","0","0.11128","0.070807","0","0","0","0.017707","0.00056124","0.0036027","0.0032453"
"10/5/07","0.0098885","0","0.025148","0.0040153","0.0034081","0.00032109","0.0071469","0.049492","0.62057","0.072779","0","0.11129","0.070818","0","0","0","0.017707","0.00056128","0.0036027","0.0032454"
"10/25/07","0.0098876","0","0.025146","0.0040151","0.0034099","0.00032136","0.0071565","0.049491","0.62051","0.072775","0","0.11132","0.070849","0","0","0","0.017707","0.00056138","0.0036025","0.0032457"
"11/1/07","0.0098872","0","0.025146","0.004015","0.0034105","0.00032145","0.0071598","0.049491","0.62049","0.072773","0","0.11133","0.07086","0","0","0","0.017707","0.00056142","0.0036025","0.0032458"
"11/3/07","0.0098871","0","0.025146","0.004015","0.0034107","0.00032147","0.0071608","0.049491","0.62048","0.072773","0","0.11134","0.070864","0","0","0","0.017707","0.00056143","0.0036025","0.0032459"
"11/9/07","0.0098868","0","0.025145","0.0040149","0.0034112","0.00032155","0.0071637","0.04949","0.62046","0.072772","0","0.11134","0.070873","0","0","0","0.017707","0.00056146","0.0036024","0.003246"
"12/11/07","0.0098853","0","0.025142","0.0040146","0.0034141","0.00032197","0.0071791","0.049489","0.62036","0.072766","0","0.11139","0.070923","0","0","0","0.017707","0.00056162","0.0036022","0.0032465"
"4/17/08","0.0098793","0","0.025131","0.0040134","0.0034256","0.00032366","0.0072406","0.049481","0.61994","0.072741","0","0.11158","0.071125","0","0","0","0.017706","0.00056228","0.0036014","0.0032486"
"4/18/08","0.0098792","0","0.025131","0.0040134","0.0034257","0.00032367","0.0072411","0.049481","0.61993","0.07274","0","0.11159","0.071127","0","0","0","0.017706","0.00056229","0.0036014","0.0032487"
"5/5/08","0.0098784","0","0.025129","0.0040133","0.0034272","0.00032389","0.0072493","0.04948","0.61988","0.072737","0","0.11161","0.071154","0","0","0","0.017706","0.00056237","0.0036013","0.0032489"
"5/15/08","0.0098779","0","0.025128","0.0040132","0.0034281","0.00032402","0.0072541","0.04948","0.61985","0.072735","0","0.11163","0.071169","0","0","0","0.017706","0.00056242","0.0036012","0.0032491"
"5/20/08","0.0098777","0","0.025128","0.0040131","0.0034286","0.00032409","0.0072565","0.04948","0.61983","0.072734","0","0.11163","0.071177","0","0","0","0.017706","0.00056245","0.0036012","0.0032492"
"5/22/08","0.0098776","0","0.025127","0.0040131","0.0034288","0.00032412","0.0072574","0.049479","0.61982","0.072734","0","0.11164","0.07118","0","0","0","0.017706","0.00056246","0.0036012","0.0032492"
"5/25/08","0.0098775","0","0.025127","0.0040131","0.003429","0.00032416","0.0072589","0.049479","0.61981","0.072733","0","0.11164","0.071185","0","0","0","0.017706","0.00056248","0.0036012","0.0032493"
"5/29/08","0.0098773","0","0.025127","0.004013","0.0034294","0.00032421","0.0072608","0.049479","0.6198","0.072732","0","0.11165","0.071191","0","0","0","0.017705","0.0005625","0.0036011","0.0032494"
"6/2/08","0.0098771","0","0.025127","0.004013","0.0034298","0.00032426","0.0072627","0.049479","0.61979","0.072732","0","0.11165","0.071198","0","0","0","0.017705","0.00056252","0.0036011","0.0032494"
"6/12/08","0.0098766","0","0.025126","0.0040129","0.0034307","0.00032439","0.0072675","0.049478","0.61976","0.07273","0","0.11167","0.071214","0","0","0","0.017705","0.00056257","0.0036011","0.0032496"
"6/16/08","0.0098764","0","0.025125","0.0040129","0.003431","0.00032444","0.0072695","0.049478","0.61974","0.072729","0","0.11167","0.07122","0","0","0","0.017705","0.00056259","0.003601","0.0032497"
"6/20/08","0.0098762","0","0.025125","0.0040128","0.0034314","0.0003245","0.0072714","0.049478","0.61973","0.072728","0","0.11168","0.071226","0","0","0","0.017705","0.00056261","0.003601","0.0032497"
"6/20/08","0.0098762","0","0.025125","0.0040128","0.0034314","0.0003245","0.0072714","0.049478","0.61973","0.072728","0","0.11168","0.071226","0","0","0","0.017705","0.00056261","0.003601","0.0032497"
"6/20/08","0.0098762","0","0.025125","0.0040128","0.0034314","0.0003245","0.0072714","0.049478","0.61973","0.072728","0","0.11168","0.071226","0","0","0","0.017705","0.00056261","0.003601","0.0032497"
"6/20/08","0.0098762","0","0.025125","0.0040128","0.0034314","0.0003245","0.0072714","0.049478","0.61973","0.072728","0","0.11168","0.071226","0","0","0","0.017705","0.00056261","0.003601","0.0032497"
"6/20/08","0.0098762","0","0.025125","0.0040128","0.0034314","0.0003245","0.0072714","0.049478","0.61973","0.072728","0","0.11168","0.071226","0","0","0","0.017705","0.00056261","0.003601","0.0032497"
"6/21/08","0.0098762","0","0.025125","0.0040128","0.0034315","0.00032451","0.0072719","0.049478","0.61973","0.072728","0","0.11168","0.071228","0","0","0","0.017705","0.00056261","0.003601","0.0032497"
"6/21/08","0.0098762","0","0.025125","0.0040128","0.0034315","0.00032451","0.0072719","0.049478","0.61973","0.072728","0","0.11168","0.071228","0","0","0","0.017705","0.00056261","0.003601","0.0032497"
"6/21/08","0.0098762","0","0.025125","0.0040128","0.0034315","0.00032451","0.0072719","0.049478","0.61973","0.072728","0","0.11168","0.071228","0","0","0","0.017705","0.00056261","0.003601","0.0032497"
"6/21/08","0.0098762","0","0.025125","0.0040128","0.0034315","0.00032451","0.0072719","0.049478","0.61973","0.072728","0","0.11168","0.071228","0","0","0","0.017705","0.00056261","0.003601","0.0032497"
"6/21/08","0.0098762","0","0.025125","0.0040128","0.0034315","0.00032451","0.0072719","0.049478","0.61973","0.072728","0","0.11168","0.071228","0","0","0","0.017705","0.00056261","0.003601","0.0032497"
"6/21/08","0.0098762","0","0.025125","0.0040128","0.0034315","0.00032451","0.0072719","0.049478","0.61973","0.072728","0","0.11168","0.071228","0","0","0","0.017705","0.00056261","0.003601","0.0032497"
"6/21/08","0.0098762","0","0.025125","0.0040128","0.0034315","0.00032451","0.0072719","0.049478","0.61973","0.072728","0","0.11168","0.071228","0","0","0","0.017705","0.00056261","0.003601","0.0032497"
"6/21/08","0.0098762","0","0.025125","0.0040128","0.0034315","0.00032451","0.0072719","0.049478","0.61973","0.072728","0","0.11168","0.071228","0","0","0","0.017705","0.00056261","0.003601","0.0032497"
"6/21/08","0.0098762","0","0.025125","0.0040128","0.0034315","0.00032451","0.0072719","0.049478","0.61973","0.072728","0","0.11168","0.071228","0","0","0","0.017705","0.00056261","0.003601","0.0032497"
"6/21/08","0.0098762","0","0.025125","0.0040128","0.0034315","0.00032451","0.0072719","0.049478","0.61973","0.072728","0","0.11168","0.071228","0","0","0","0.017705","0.00056261","0.003601","0.0032497"
"6/21/08","0.0098762","0","0.025125","0.0040128","0.0034315","0.00032451","0.0072719","0.049478","0.61973","0.072728","0","0.11168","0.071228","0","0","0","0.017705","0.00056261","0.003601","0.0032497"
"6/21/08","0.0098762","0","0.025125","0.0040128","0.0034315","0.00032451","0.0072719","0.049478","0.61973","0.072728","0","0.11168","0.071228","0","0","0","0.017705","0.00056261","0.003601","0.0032497"
"6/21/08","0.0098762","0","0.025125","0.0040128","0.0034315","0.00032451","0.0072719","0.049478","0.61973","0.072728","0","0.11168","0.071228","0","0","0","0.017705","0.00056261","0.003601","0.0032497"
"6/21/08","0.0098762","0","0.025125","0.0040128","0.0034315","0.00032451","0.0072719","0.049478","0.61973","0.072728","0","0.11168","0.071228","0","0","0","0.017705","0.00056261","0.003601","0.0032497"
"6/21/08","0.0098762","0","0.025125","0.0040128","0.0034315","0.00032451","0.0072719","0.049478","0.61973","0.072728","0","0.11168","0.071228","0","0","0","0.017705","0.00056261","0.003601","0.0032497"
"6/21/08","0.0098762","0","0.025125","0.0040128","0.0034315","0.00032451","0.0072719","0.049478","0.61973","0.072728","0","0.11168","0.071228","0","0","0","0.017705","0.00056261","0.003601","0.0032497"
"6/21/08","0.0098762","0","0.025125","0.0040128","0.0034315","0.00032451","0.0072719","0.049478","0.61973","0.072728","0","0.11168","0.071228","0","0","0","0.017705","0.00056261","0.003601","0.0032497"
"6/22/08","0.0098761","0","0.025125","0.0040128","0.0034316","0.00032452","0.0072723","0.049478","0.61972","0.072728","0","0.11168","0.071229","0","0","0","0.017705","0.00056262","0.003601","0.0032498"
"6/24/08","0.0098761","0","0.025125","0.0040128","0.0034317","0.00032455","0.0072733","0.049478","0.61972","0.072727","0","0.11169","0.071232","0","0","0","0.017705","0.00056263","0.003601","0.0032498"
"6/24/08","0.0098761","0","0.025125","0.0040128","0.0034317","0.00032455","0.0072733","0.049478","0.61972","0.072727","0","0.11169","0.071232","0","0","0","0.017705","0.00056263","0.003601","0.0032498"
"6/25/08","0.009876","0","0.025124","0.0040128","0.0034318","0.00032456","0.0072738","0.049477","0.61971","0.072727","0","0.11169","0.071234","0","0","0","0.017705","0.00056264","0.003601","0.0032498"
"6/25/08","0.009876","0","0.025124","0.0040128","0.0034318","0.00032456","0.0072738","0.049477","0.61971","0.072727","0","0.11169","0.071234","0","0","0","0.017705","0.00056264","0.003601","0.0032498"
"6/25/08","0.009876","0","0.025124","0.0040128","0.0034318","0.00032456","0.0072738","0.049477","0.61971","0.072727","0","0.11169","0.071234","0","0","0","0.017705","0.00056264","0.003601","0.0032498"
"6/25/08","0.009876","0","0.025124","0.0040128","0.0034318","0.00032456","0.0072738","0.049477","0.61971","0.072727","0","0.11169","0.071234","0","0","0","0.017705","0.00056264","0.003601","0.0032498"
"7/12/08","0.0098752","0","0.025123","0.0040126","0.0034334","0.00032479","0.007282","0.049477","0.61966","0.072724","0","0.11171","0.071261","0","0","0","0.017705","0.00056272","0.0036009","0.0032501"
"7/12/08","0.0098752","0","0.025123","0.0040126","0.0034334","0.00032479","0.007282","0.049477","0.61966","0.072724","0","0.11171","0.071261","0","0","0","0.017705","0.00056272","0.0036009","0.0032501"
"7/12/08","0.0098752","0","0.025123","0.0040126","0.0034334","0.00032479","0.007282","0.049477","0.61966","0.072724","0","0.11171","0.071261","0","0","0","0.017705","0.00056272","0.0036009","0.0032501"
"7/22/08","0.0098747","0","0.025122","0.0040125","0.0034343","0.00032492","0.0072868","0.049476","0.61962","0.072722","0","0.11173","0.071277","0","0","0","0.017705","0.00056277","0.0036008","0.0032503"
"7/26/08","0.0098745","0","0.025122","0.0040125","0.0034346","0.00032497","0.0072887","0.049476","0.61961","0.072721","0","0.11173","0.071283","0","0","0","0.017705","0.00056279","0.0036008","0.0032503"
"7/27/08","0.0098745","0","0.025122","0.0040125","0.0034347","0.00032498","0.0072892","0.049476","0.61961","0.072721","0","0.11173","0.071284","0","0","0","0.017705","0.0005628","0.0036008","0.0032503"
"7/28/08","0.0098744","0","0.025121","0.0040125","0.0034348","0.000325","0.0072897","0.049476","0.6196","0.072721","0","0.11174","0.071286","0","0","0","0.017705","0.0005628","0.0036008","0.0032504"
"8/13/08","0.0098737","0","0.02512","0.0040123","0.0034362","0.00032521","0.0072973","0.049475","0.61955","0.072717","0","0.11176","0.071311","0","0","0","0.017705","0.00056289","0.0036006","0.0032506"
"8/15/08","0.0098736","0","0.02512","0.0040123","0.0034364","0.00032523","0.0072983","0.049475","0.61955","0.072717","0","0.11176","0.071314","0","0","0","0.017705","0.0005629","0.0036006","0.0032507"
"8/16/08","0.0098735","0","0.02512","0.0040123","0.0034365","0.00032525","0.0072988","0.049475","0.61954","0.072717","0","0.11176","0.071316","0","0","0","0.017705","0.0005629","0.0036006","0.0032507"
"8/16/08","0.0098735","0","0.02512","0.0040123","0.0034365","0.00032525","0.0072988","0.049475","0.61954","0.072717","0","0.11176","0.071316","0","0","0","0.017705","0.0005629","0.0036006","0.0032507"
"8/22/08","0.0098733","0","0.025119","0.0040123","0.003437","0.00032533","0.0073017","0.049474","0.61952","0.072716","0","0.11177","0.071325","0","0","0","0.017705","0.00056293","0.0036006","0.0032508"
"8/24/08","0.0098732","0","0.025119","0.0040122","0.0034372","0.00032535","0.0073026","0.049474","0.61952","0.072715","0","0.11178","0.071329","0","0","0","0.017705","0.00056294","0.0036006","0.0032508"
"8/25/08","0.0098731","0","0.025119","0.0040122","0.0034373","0.00032536","0.0073031","0.049474","0.61951","0.072715","0","0.11178","0.07133","0","0","0","0.017705","0.00056295","0.0036006","0.0032508"
"9/7/08","0.0098725","0","0.025118","0.0040121","0.0034385","0.00032554","0.0073094","0.049473","0.61947","0.072713","0","0.1118","0.071351","0","0","0","0.017705","0.00056302","0.0036005","0.003251"
"9/7/08","0.0098725","0","0.025118","0.0040121","0.0034385","0.00032554","0.0073094","0.049473","0.61947","0.072713","0","0.1118","0.071351","0","0","0","0.017705","0.00056302","0.0036005","0.003251"
"9/8/08","0.0098725","0","0.025118","0.0040121","0.0034386","0.00032555","0.0073098","0.049473","0.61947","0.072712","0","0.1118","0.071352","0","0","0","0.017705","0.00056302","0.0036005","0.0032511"
"9/9/08","0.0098724","0","0.025118","0.0040121","0.0034387","0.00032556","0.0073103","0.049473","0.61946","0.072712","0","0.1118","0.071354","0","0","0","0.017705","0.00056303","0.0036005","0.0032511"
"9/12/08","0.0098723","0","0.025117","0.0040121","0.0034389","0.0003256","0.0073118","0.049473","0.61945","0.072712","0","0.1118","0.071359","0","0","0","0.017705","0.00056304","0.0036005","0.0032511"
"9/17/08","0.009872","0","0.025117","0.004012","0.0034394","0.00032567","0.0073142","0.049473","0.61944","0.072711","0","0.11181","0.071366","0","0","0","0.017705","0.00056307","0.0036004","0.0032512"
"9/30/08","0.0098714","0","0.025116","0.0040119","0.0034406","0.00032584","0.0073204","0.049472","0.6194","0.072708","0","0.11183","0.071387","0","0","0","0.017705","0.00056313","0.0036003","0.0032514"
"10/16/08","0.0098707","0","0.025114","0.0040117","0.003442","0.00032605","0.0073281","0.049471","0.61934","0.072705","0","0.11186","0.071412","0","0","0","0.017705","0.00056322","0.0036002","0.0032517"
"10/29/08","0.00987","0","0.025113","0.0040116","0.0034432","0.00032622","0.0073344","0.04947","0.6193","0.072702","0","0.11188","0.071433","0","0","0","0.017704","0.00056328","0.0036002","0.0032519"
"10/31/08","0.0098699","0","0.025113","0.0040116","0.0034433","0.00032625","0.0073353","0.04947","0.61929","0.072702","0","0.11188","0.071436","0","0","0","0.017704","0.00056329","0.0036001","0.003252"
"1/13/09","0.0098664","0","0.025106","0.0040109","0.00345","0.00032722","0.0073709","0.049466","0.61905","0.072687","0","0.11199","0.071552","0","0","0","0.017704","0.00056367","0.0035997","0.0032532"
"1/13/09","0.0098664","0","0.025106","0.0040109","0.00345","0.00032722","0.0073709","0.049466","0.61905","0.072687","0","0.11199","0.071552","0","0","0","0.017704","0.00056367","0.0035997","0.0032532"
"1/14/09","0.0098664","0","0.025106","0.0040109","0.0034501","0.00032723","0.0073714","0.049466","0.61905","0.072687","0","0.11199","0.071554","0","0","0","0.017704","0.00056368","0.0035997","0.0032532"
"1/15/09","0.0098663","0","0.025106","0.0040109","0.0034502","0.00032724","0.0073719","0.049466","0.61905","0.072687","0","0.11199","0.071556","0","0","0","0.017704","0.00056368","0.0035996","0.0032532"
"1/16/09","0.0098663","0","0.025106","0.0040109","0.0034503","0.00032726","0.0073723","0.049466","0.61904","0.072687","0","0.11199","0.071557","0","0","0","0.017704","0.00056369","0.0035996","0.0032533"
"1/18/09","0.0098662","0","0.025106","0.0040109","0.0034505","0.00032728","0.0073733","0.049466","0.61904","0.072686","0","0.112","0.07156","0","0","0","0.017704","0.0005637","0.0035996","0.0032533"
"2/19/09","0.0098647","0","0.025103","0.0040106","0.0034533","0.0003277","0.0073887","0.049464","0.61893","0.07268","0","0.11204","0.071611","0","0","0","0.017704","0.00056386","0.0035994","0.0032538"
"4/22/09","0.0098618","0","0.025097","0.00401","0.0034589","0.00032852","0.0074185","0.04946","0.61873","0.072668","0","0.11214","0.071709","0","0","0","0.017703","0.00056418","0.003599","0.0032549"
"4/22/09","0.0098618","0","0.025097","0.00401","0.0034589","0.00032852","0.0074185","0.04946","0.61873","0.072668","0","0.11214","0.071709","0","0","0","0.017703","0.00056418","0.003599","0.0032549"
"4/23/09","0.0098617","0","0.025097","0.00401","0.003459","0.00032853","0.007419","0.04946","0.61873","0.072668","0","0.11214","0.07171","0","0","0","0.017703","0.00056419","0.003599","0.0032549"
"4/25/09","0.0098616","0","0.025097","0.00401","0.0034592","0.00032856","0.0074199","0.04946","0.61872","0.072667","0","0.11214","0.071713","0","0","0","0.017703","0.0005642","0.003599","0.0032549"
"6/6/09","0.0098596","0","0.025093","0.0040096","0.003463","0.00032911","0.0074401","0.049458","0.61858","0.072659","0","0.1122","0.071779","0","0","0","0.017703","0.00056441","0.0035987","0.0032556"
"6/18/09","0.0098591","0","0.025092","0.0040095","0.003464","0.00032927","0.0074459","0.049457","0.61854","0.072657","0","0.11222","0.071798","0","0","0","0.017703","0.00056448","0.0035987","0.0032558"
"6/28/09","0.0098586","0","0.025091","0.0040094","0.0034649","0.0003294","0.0074507","0.049457","0.61851","0.072655","0","0.11224","0.071814","0","0","0","0.017703","0.00056453","0.0035986","0.003256"
"6/30/09","0.0098585","0","0.025091","0.0040093","0.0034651","0.00032943","0.0074517","0.049456","0.6185","0.072655","0","0.11224","0.071817","0","0","0","0.017703","0.00056454","0.0035986","0.003256"
"7/4/09","0.0098583","0","0.025091","0.0040093","0.0034655","0.00032948","0.0074536","0.049456","0.61849","0.072654","0","0.11225","0.071824","0","0","0","0.017703","0.00056456","0.0035985","0.0032561"
"7/4/09","0.0098583","0","0.025091","0.0040093","0.0034655","0.00032948","0.0074536","0.049456","0.61849","0.072654","0","0.11225","0.071824","0","0","0","0.017703","0.00056456","0.0035985","0.0032561"
"7/5/09","0.0098583","0","0.025091","0.0040093","0.0034656","0.00032949","0.0074541","0.049456","0.61849","0.072654","0","0.11225","0.071825","0","0","0","0.017703","0.00056456","0.0035985","0.0032561"
"7/7/09","0.0098582","0","0.025091","0.0040093","0.0034658","0.00032952","0.007455","0.049456","0.61848","0.072653","0","0.11225","0.071828","0","0","0","0.017703","0.00056457","0.0035985","0.0032561"
"7/8/09","0.0098581","0","0.02509","0.0040093","0.0034658","0.00032953","0.0074555","0.049456","0.61848","0.072653","0","0.11225","0.07183","0","0","0","0.017703","0.00056458","0.0035985","0.0032562"
"7/9/09","0.0098581","0","0.02509","0.0040093","0.0034659","0.00032954","0.007456","0.049456","0.61848","0.072653","0","0.11225","0.071832","0","0","0","0.017703","0.00056458","0.0035985","0.0032562"
"7/16/09","0.0098577","0","0.02509","0.0040092","0.0034666","0.00032964","0.0074594","0.049456","0.61845","0.072651","0","0.11226","0.071843","0","0","0","0.017703","0.00056462","0.0035985","0.0032563"
"7/17/09","0.0098577","0","0.02509","0.0040092","0.0034667","0.00032965","0.0074598","0.049456","0.61845","0.072651","0","0.11227","0.071844","0","0","0","0.017703","0.00056462","0.0035985","0.0032563"
"7/20/09","0.0098575","0","0.025089","0.0040092","0.0034669","0.00032969","0.0074613","0.049455","0.61844","0.072651","0","0.11227","0.071849","0","0","0","0.017703","0.00056464","0.0035984","0.0032564"
"7/30/09","0.0098571","0","0.025088","0.0040091","0.0034678","0.00032982","0.0074661","0.049455","0.61841","0.072649","0","0.11228","0.071865","0","0","0","0.017703","0.00056469","0.0035984","0.0032565"
"8/5/09","0.0098568","0","0.025088","0.004009","0.0034684","0.0003299","0.007469","0.049454","0.61839","0.072648","0","0.11229","0.071874","0","0","0","0.017703","0.00056472","0.0035983","0.0032566"
"8/5/09","0.0098568","0","0.025088","0.004009","0.0034684","0.0003299","0.007469","0.049454","0.61839","0.072648","0","0.11229","0.071874","0","0","0","0.017703","0.00056472","0.0035983","0.0032566"
"8/6/09","0.0098567","0","0.025088","0.004009","0.0034685","0.00032991","0.0074695","0.049454","0.61838","0.072647","0","0.11229","0.071876","0","0","0","0.017703","0.00056473","0.0035983","0.0032566"
"8/13/09","0.0098564","0","0.025087","0.0040089","0.0034691","0.00033","0.0074728","0.049454","0.61836","0.072646","0","0.11231","0.071887","0","0","0","0.017703","0.00056476","0.0035983","0.0032568"
"8/18/09","0.0098562","0","0.025087","0.0040089","0.0034695","0.00033007","0.0074752","0.049454","0.61834","0.072645","0","0.11231","0.071895","0","0","0","0.017703","0.00056479","0.0035983","0.0032568"
"8/18/09","0.0098562","0","0.025087","0.0040089","0.0034695","0.00033007","0.0074752","0.049454","0.61834","0.072645","0","0.11231","0.071895","0","0","0","0.017703","0.00056479","0.0035983","0.0032568"
"8/22/09","0.009856","0","0.025086","0.0040088","0.0034699","0.00033012","0.0074772","0.049453","0.61833","0.072644","0","0.11232","0.071901","0","0","0","0.017703","0.00056481","0.0035982","0.0032569"
"8/25/09","0.0098558","0","0.025086","0.0040088","0.0034702","0.00033016","0.0074786","0.049453","0.61832","0.072644","0","0.11232","0.071906","0","0","0","0.017703","0.00056483","0.0035982","0.003257"
"8/30/09","0.0098556","0","0.025086","0.0040088","0.0034706","0.00033023","0.007481","0.049453","0.61831","0.072643","0","0.11233","0.071914","0","0","0","0.017703","0.00056485","0.0035982","0.003257"
"9/11/09","0.009855","0","0.025085","0.0040087","0.0034717","0.00033039","0.0074868","0.049452","0.61827","0.07264","0","0.11235","0.071932","0","0","0","0.017702","0.00056491","0.0035981","0.0032572"
"9/14/09","0.0098549","0","0.025084","0.0040086","0.003472","0.00033043","0.0074882","0.049452","0.61826","0.07264","0","0.11235","0.071937","0","0","0","0.017702","0.00056493","0.0035981","0.0032573"
"9/17/09","0.0098548","0","0.025084","0.0040086","0.0034722","0.00033047","0.0074897","0.049452","0.61825","0.072639","0","0.11236","0.071942","0","0","0","0.017702","0.00056494","0.0035981","0.0032574"
"9/20/09","0.0098546","0","0.025084","0.0040086","0.0034725","0.0003305","0.0074911","0.049452","0.61824","0.072638","0","0.11236","0.071947","0","0","0","0.017702","0.00056496","0.003598","0.0032574"
"9/22/09","0.0098545","0","0.025084","0.0040086","0.0034727","0.00033053","0.0074921","0.049452","0.61823","0.072638","0","0.11237","0.07195","0","0","0","0.017702","0.00056497","0.003598","0.0032574"
"9/28/09","0.0098542","0","0.025083","0.0040085","0.0034732","0.00033061","0.0074949","0.049451","0.61821","0.072637","0","0.11237","0.071959","0","0","0","0.017702","0.000565","0.003598","0.0032575"
"9/29/09","0.0098542","0","0.025083","0.0040085","0.0034733","0.00033062","0.0074954","0.049451","0.61821","0.072637","0","0.11238","0.071961","0","0","0","0.017702","0.00056501","0.003598","0.0032576"
"10/1/09","0.0098541","0","0.025083","0.0040085","0.0034735","0.00033065","0.0074964","0.049451","0.6182","0.072636","0","0.11238","0.071964","0","0","0","0.017702","0.00056502","0.003598","0.0032576"
"10/3/09","0.009854","0","0.025083","0.0040085","0.0034737","0.00033068","0.0074973","0.049451","0.61819","0.072636","0","0.11238","0.071967","0","0","0","0.017702","0.00056503","0.003598","0.0032576"
"10/7/09","0.0098538","0","0.025082","0.0040084","0.003474","0.00033073","0.0074993","0.049451","0.61818","0.072635","0","0.11239","0.071973","0","0","0","0.017702","0.00056505","0.0035979","0.0032577"
"10/8/09","0.0098538","0","0.025082","0.0040084","0.0034741","0.00033074","0.0074998","0.049451","0.61818","0.072635","0","0.11239","0.071975","0","0","0","0.017702","0.00056505","0.0035979","0.0032577"
"10/8/09","0.0098538","0","0.025082","0.0040084","0.0034741","0.00033074","0.0074998","0.049451","0.61818","0.072635","0","0.11239","0.071975","0","0","0","0.017702","0.00056505","0.0035979","0.0032577"
"10/10/09","0.0098537","0","0.025082","0.0040084","0.0034743","0.00033077","0.0075007","0.049451","0.61817","0.072635","0","0.11239","0.071978","0","0","0","0.017702","0.00056506","0.0035979","0.0032577"
"10/10/09","0.0098537","0","0.025082","0.0040084","0.0034743","0.00033077","0.0075007","0.049451","0.61817","0.072635","0","0.11239","0.071978","0","0","0","0.017702","0.00056506","0.0035979","0.0032577"
"11/2/09","0.0098526","0","0.02508","0.0040082","0.0034764","0.00033107","0.0075118","0.049449","0.6181","0.07263","0","0.11243","0.072014","0","0","0","0.017702","0.00056518","0.0035978","0.0032581"
"12/2/09","0.0098512","0","0.025077","0.0040079","0.0034791","0.00033146","0.0075262","0.049448","0.618","0.072624","0","0.11247","0.072062","0","0","0","0.017702","0.00056533","0.0035976","0.0032586"
"3/19/10","0.0098461","0","0.025068","0.0040069","0.0034887","0.00033287","0.0075776","0.049442","0.61765","0.072603","0","0.11263","0.07223","0","0","0","0.017701","0.00056588","0.0035969","0.0032604"
"6/21/10","0.0098416","0","0.025059","0.004006","0.0034972","0.00033411","0.0076228","0.049436","0.61734","0.072585","0","0.11277","0.072379","0","0","0","0.017701","0.00056637","0.0035963","0.003262"
"7/1/10","0.0098412","0","0.025058","0.0040059","0.0034981","0.00033424","0.0076276","0.049436","0.61731","0.072583","0","0.11279","0.072394","0","0","0","0.017701","0.00056642","0.0035962","0.0032622"
"7/29/10","0.0098398","0","0.025056","0.0040057","0.0035006","0.00033461","0.0076411","0.049434","0.61722","0.072577","0","0.11283","0.072439","0","0","0","0.0177","0.00056656","0.003596","0.0032626"
"8/1/10","0.0098397","0","0.025055","0.0040056","0.0035009","0.00033465","0.0076425","0.049434","0.61721","0.072577","0","0.11283","0.072443","0","0","0","0.0177","0.00056658","0.003596","0.0032627"
"8/9/10","0.0098393","0","0.025055","0.0040056","0.0035016","0.00033475","0.0076464","0.049434","0.61718","0.072575","0","0.11284","0.072456","0","0","0","0.0177","0.00056662","0.003596","0.0032628"
"8/22/10","0.0098387","0","0.025054","0.0040054","0.0035027","0.00033492","0.0076526","0.049433","0.61714","0.072573","0","0.11286","0.072476","0","0","0","0.0177","0.00056669","0.0035959","0.003263"
"8/22/10","0.0098387","0","0.025054","0.0040054","0.0035027","0.00033492","0.0076526","0.049433","0.61714","0.072573","0","0.11286","0.072476","0","0","0","0.0177","0.00056669","0.0035959","0.003263"
"8/28/10","0.0098384","0","0.025053","0.0040054","0.0035033","0.000335","0.0076555","0.049432","0.61712","0.072572","0","0.11287","0.072486","0","0","0","0.0177","0.00056672","0.0035958","0.0032631"
"9/2/10","0.0098382","0","0.025053","0.0040053","0.0035037","0.00033507","0.0076579","0.049432","0.6171","0.072571","0","0.11288","0.072494","0","0","0","0.0177","0.00056674","0.0035958","0.0032632"
"9/6/10","0.009838","0","0.025052","0.0040053","0.0035041","0.00033512","0.0076598","0.049432","0.61709","0.07257","0","0.11289","0.0725","0","0","0","0.0177","0.00056676","0.0035958","0.0032633"
"10/1/10","0.0098368","0","0.02505","0.0040051","0.0035063","0.00033545","0.0076719","0.049431","0.61701","0.072565","0","0.11292","0.072539","0","0","0","0.0177","0.00056689","0.0035956","0.0032637"
"10/12/10","0.0098363","0","0.025049","0.004005","0.0035073","0.00033559","0.0076772","0.04943","0.61697","0.072563","0","0.11294","0.072557","0","0","0","0.0177","0.00056695","0.0035955","0.0032639"
"11/2/10","0.0098353","0","0.025047","0.0040048","0.0035092","0.00033587","0.0076873","0.049429","0.61691","0.072559","0","0.11297","0.07259","0","0","0","0.0177","0.00056706","0.0035954","0.0032643"
