"7.5","28.27660912","-1.0626795630000001"
"7.5","28.27660912","-1.0626795630000001"
"7.5","28.27660912","-1.0626795630000001"
"7.5","28.27660912","-1.0626795630000001"
"7.5","28.27660912","-1.0626795630000001"
"7.5","28.27660912","-1.0626795630000001"
"7.5","28.27660912","-1.0626795630000001"
"7.5","28.27660912","-1.0626795630000001"
"7.5","28.27660912","-1.0626795630000001"
"7.5","28.27660912","-1.0626795630000001"
"7.5","28.27660912","-1.0626795630000001"
"7.5","28.27660912","-1.0626795630000001"
"7.5","28.27660912","-1.0626795630000001"
"7.5","28.27660912","-1.0626795630000001"
"7.5","28.27660912","-1.0626795630000001"
"7.5","28.27660912","-1.0626795630000001"
"7.5","28.27660912","-1.0626795630000001"
"7.5","28.27660912","-1.0626795630000001"
"7.5","28.27660912","-1.0626795630000001"
"7.5","28.27660912","-1.0626795630000001"
"7.5","28.27660912","-1.0626795630000001"
"7.5","28.27660912","-1.0626795630000001"
"7.5","28.27660912","-1.0626795630000001"
"7.5","28.27660912","-1.0626795630000001"
"7.5","28.27660912","-1.0626795630000001"
"7.5","28.27660912","-1.0626795630000001"
"7.5","28.27660912","-1.0626795630000001"
"7.5","28.27660912","-1.0626795630000001"
"7.5","28.27660912","-1.0626795630000001"
"7.5","28.27660912","-1.0626795630000001"
"7.5","28.27660912","-1.0626795630000001"
"7.5","28.27660912","-1.0626795630000001"
"7.5","28.27660912","-1.0626795630000001"
"7.5","28.27660912","-1.0626795630000001"
"7.5","28.27660912","-1.0626795630000001"
"7.5","28.27660912","-1.0626795630000001"
"7.5","28.27660912","-1.0626795630000001"
"7.5","28.27660912","-1.0626795630000001"
"7.5","28.27660912","-1.0626795630000001"
"7.5","28.27660912","-1.0626795630000001"
"7.5","28.27660912","-1.0626795630000001"
"7.5","28.27660912","-1.0626795630000001"
"7.5","28.27660912","-1.0626795630000001"
"7.5","28.27660912","-1.0626795630000001"
"7.5","28.27660912","-1.0626795630000001"
"7.5","28.27660912","-1.0626795630000001"
"7.5","28.27660912","-1.0626795630000001"
"7.5","28.27660912","-1.0626795630000001"
"7.5","28.27660912","-1.0626795630000001"
"7.5","28.27660912","-1.0626795630000001"
"7.5","28.27660912","-1.0626795630000001"
"7.5","28.27660912","-1.0626795630000001"
"7.5","28.27660912","-1.0626795630000001"
"7.5","28.27660912","-1.0626795630000001"
"7.5","28.27660912","-1.0626795630000001"
"7.5","28.27660912","-1.0626795630000001"
"7.5","28.27660912","-1.0626795630000001"
"7.5","28.27660912","-1.0626795630000001"
"7.5","28.27660912","-1.0626795630000001"
"7.5","28.27660912","-1.0626795630000001"
"7.5","28.27660912","-1.0626795630000001"
"7.5","28.27660912","-1.0626795630000001"
"7.5","28.27660912","-1.0626795630000001"
"7.5","28.27660912","-1.0626795630000001"
"7.5","28.27660912","-1.0626795630000001"
"7.5","28.27660912","-1.0626795630000001"
"7.5","28.27660912","-1.0626795630000001"
"7.5","28.27660912","-1.0626795630000001"
"7.5","28.27660912","-1.0626795630000001"
"7.5","28.27660912","-1.0626795630000001"
"7.5","28.27660912","-1.0626795630000001"
"7.5","28.27660912","-1.0626795630000001"
"7.5","28.27660912","-1.0626795630000001"
"7.5","28.27660912","-1.0626795630000001"
"7.5","28.27660912","-1.0626795630000001"
"7.5","28.27660912","-1.0626795630000001"
"7.5","28.27660912","-1.0626795630000001"
"7.5","28.27660912","-1.0626795630000001"
"7.5","28.27660912","-1.0626795630000001"
"7.5","28.27660912","-1.0626795630000001"
"7.5","28.27660912","-1.0626795630000001"
"7.5","28.27660912","-1.0626795630000001"
"7.5","28.27660912","-1.0626795630000001"
"7.5","28.27660912","-1.0626795630000001"
"7.5","28.27660912","-1.0626795630000001"
"7.5","28.27660912","-1.0626795630000001"
"7.5","28.27660912","-1.0626795630000001"
"7.5","28.27660912","-1.0626795630000001"
"7.5","28.27660912","-1.0626795630000001"
"7.5","28.27660912","-1.0626795630000001"
"7.5","28.27660912","-1.0626795630000001"
"7.5","28.27660912","-1.0626795630000001"
"7.5","28.27660912","-1.0626795630000001"
"7.5","28.27660912","-1.0626795630000001"
"7.5","28.27660912","-1.0626795630000001"
"7.5","28.27660912","-1.0626795630000001"
"7.5","28.27660912","-1.0626795630000001"
"7.5","28.27660912","-1.0626795630000001"
"7.5","28.27660912","-1.0626795630000001"
"7.5","28.27660912","-1.0626795630000001"
"7.5","28.27660912","-1.0626795630000001"
"7.5","28.27660912","-1.0626795630000001"
"7.5","28.27660912","-1.0626795630000001"
"7.5","28.27660912","-1.0626795630000001"
"7.5","28.27660912","-1.0626795630000001"
"7.5","28.27660912","-1.0626795630000001"
"7.5","28.27660912","-1.0626795630000001"
"7.5","28.27660912","-1.0626795630000001"
"7.5","28.27660912","-1.0626795630000001"
"7.5","28.27660912","-1.0626795630000001"
"7.5","28.27660912","-1.0626795630000001"
"7.5","28.27660912","-1.0626795630000001"
"7.5","28.27660912","-1.0626795630000001"
"7.5","28.27660912","-1.0626795630000001"
"7.5","28.27660912","-1.0626795630000001"
"7.5","28.27660912","-1.0626795630000001"
"7.5","28.27660912","-1.0626795630000001"
"7.5","28.27660912","-1.0626795630000001"
"7.5","28.27660912","-1.0626795630000001"
"7.5","28.27660912","-1.0626795630000001"
"7.5","28.27660912","-1.0626795630000001"
"7.5","28.27660912","-1.0626795630000001"
"7.5","28.27660912","-1.0626795630000001"
"7.5","28.27660912","-1.0626795630000001"
"7.5","28.27660912","-1.0626795630000001"
"7.5","28.27660912","-1.0626795630000001"
"7.5","28.27660912","-1.0626795630000001"
"7.5","28.27660912","-1.0626795630000001"
"7.5","28.27660912","-1.0626795630000001"
"7.5","28.27660912","-1.0626795630000001"
"7.5","28.27660912","-1.0626795630000001"
"7.5","28.27660912","-1.0626795630000001"
"7.5","28.27660912","-1.0626795630000001"
"7.5","28.27660912","-1.0626795630000001"
"7.5","28.27660912","-1.0626795630000001"
"7.5","28.27660912","-1.0626795630000001"
"7.5","28.27660912","-1.0626795630000001"
"7.5","28.27660912","-1.0626795630000001"
"7.5","28.27660912","-1.0626795630000001"
"7.5","28.27660912","-1.0626795630000001"
"7.5","28.27660912","-1.0626795630000001"
"7.5","28.27660912","-1.0626795630000001"
"7.5","28.27660912","-1.0626795630000001"
"7.5","28.27660912","-1.0626795630000001"
"7.5","28.27660912","-1.0626795630000001"
"7.5","28.27660912","-1.0626795630000001"
"7.5","28.27660912","-1.0626795630000001"
"7.5","28.27660912","-1.0626795630000001"
"7.5","28.27660912","-1.0626795630000001"
"7.5","28.27660912","-1.0626795630000001"
"7.5","28.27660912","-1.0626795630000001"
"7.5","28.27660912","-1.0626795630000001"
"7.5","28.27660912","-1.0626795630000001"
"7.5","28.27660912","-1.0626795630000001"
"7.5","28.27660912","-1.0626795630000001"
"7.5","28.27660912","-1.0626795630000001"
"7.5","28.27660912","-1.0626795630000001"
"7.5","28.27660912","-1.0626795630000001"
"7.5","28.27660912","-1.0626795630000001"
"7.5","28.27660912","-1.0626795630000001"
"7.5","28.27660912","-1.0626795630000001"
"7.5","28.27660912","-1.0626795630000001"
"7.5","28.27660912","-1.0626795630000001"
"7.5","28.27660912","-1.0626795630000001"
"7.5","28.27660912","-1.0626795630000001"
"7.5","28.27660912","-1.0626795630000001"
"7.5","28.27660912","-1.0626795630000001"
"7.5","28.27660912","-1.0626795630000001"
"7.5","28.27660912","-1.0626795630000001"
"7.5","28.27660912","-1.0626795630000001"
"7.5","28.27660912","-1.0626795630000001"
"7.5","28.27660912","-1.0626795630000001"
"7.5","28.27660912","-1.0626795630000001"
"7.5","28.27660912","-1.0626795630000001"
"7.5","28.27660912","-1.0626795630000001"
"7.5","28.27660912","-1.0626795630000001"
"7.5","28.27660912","-1.0626795630000001"
"7.5","28.27660912","-1.0626795630000001"
"7.5","28.27660912","-1.0626795630000001"
"7.5","28.27660912","-1.0626795630000001"
"7.5","28.27660912","-1.0626795630000001"
"7.5","28.27660912","-1.0626795630000001"
"7.5","28.27660912","-1.0626795630000001"
"7.5","28.27660912","-1.0626795630000001"
"7.5","28.27660912","-1.0626795630000001"
"7.5","28.27660912","-1.0626795630000001"
"7.5","28.27660912","-1.0626795630000001"
"7.5","28.27660912","-1.0626795630000001"
"7.5","28.27660912","-1.0626795630000001"
"7.5","28.27660912","-1.0626795630000001"
"7.5","28.27660912","-1.0626795630000001"
"7.5","28.27660912","-1.0626795630000001"
"7.5","28.27660912","-1.0626795630000001"
"7.5","28.27660912","-1.0626795630000001"
"7.5","28.27660912","-1.0626795630000001"
"7.5","28.27660912","-1.0626795630000001"
"7.5","28.27660912","-1.0626795630000001"
"7.5","28.27660912","-1.0626795630000001"
"7.5","28.27660912","-1.0626795630000001"
"7.5","28.27660912","-1.0626795630000001"
"7.5","28.27660912","-1.0626795630000001"
"7.5","28.27660912","-1.0626795630000001"
"7.5","28.27660912","-1.0626795630000001"
"7.5","28.27660912","-1.0626795630000001"
"7.5","28.27660912","-1.0626795630000001"
"7.5","28.27660912","-1.0626795630000001"
"7.5","28.27660912","-1.0626795630000001"
"7.5","28.27660912","-1.0626795630000001"
"7.5","28.27660912","-1.0626795630000001"
"7.5","28.27660912","-1.0626795630000001"
"7.5","28.27660912","-1.0626795630000001"
"7.5","28.27660912","-1.0626795630000001"
"7.5","28.27660912","-1.0626795630000001"
"7.5","28.27660912","-1.0626795630000001"
"7.5","28.27660912","-1.0626795630000001"
"7.5","28.27660912","-1.0626795630000001"
"7.5","28.27660912","-1.0626795630000001"
"7.5","28.27660912","-1.0626795630000001"
"7.5","28.27660912","-1.0626795630000001"
"7.5","28.27660912","-1.0626795630000001"
"7.5","28.27660912","-1.0626795630000001"
"7.5","28.27660912","-1.0626795630000001"
"7.5","28.27660912","-1.0626795630000001"
"7.5","28.27660912","-1.0626795630000001"
"7.5","28.27660912","-1.0626795630000001"
"7.5","28.27660912","-1.0626795630000001"
"7.5","28.27660912","-1.0626795630000001"
"7.5","28.27660912","-1.0626795630000001"
"7.5","28.27660912","-1.0626795630000001"
"7.5","28.27660912","-1.0626795630000001"
"7.5","28.27660912","-1.0626795630000001"
"7.5","28.27660912","-1.0626795630000001"
"7.5","28.27660912","-1.0626795630000001"
"7.5","28.27660912","-1.0626795630000001"
"7.5","28.27660912","-1.0626795630000001"
"7.5","28.27660912","-1.0626795630000001"
"7.5","28.27660912","-1.0626795630000001"
"7.5","28.27660912","-1.0626795630000001"
"7.5","28.27660912","-1.0626795630000001"
"7.5","28.27660912","-1.0626795630000001"
"7.5","28.27660912","-1.0626795630000001"
"7.5","28.27660912","-1.0626795630000001"
"7.5","28.27660912","-1.0626795630000001"
"7.5","28.27660912","-1.0626795630000001"
"7.5","28.27660912","-1.0626795630000001"
"7.5","28.27660912","-1.0626795630000001"
"7.5","28.27660912","-1.0626795630000001"
"7.5","28.27660912","-1.0626795630000001"
"7.5","28.27660912","-1.0626795630000001"
"7.5","28.27660912","-1.0626795630000001"
"7.5","28.27660912","-1.0626795630000001"
"7.5","28.27660912","-1.0626795630000001"
"7.5","28.27660912","-1.0626795630000001"
"7.5","28.27660912","-1.0626795630000001"
"7.5","28.27660912","-1.0626795630000001"
"7.5","28.27660912","-1.0626795630000001"
"7.5","28.27660912","-1.0626795630000001"
"7.5","28.27660912","-1.0626795630000001"
"7.5","28.27660912","-1.0626795630000001"
"7.5","28.27660912","-1.0626795630000001"
"7.5","28.27660912","-1.0626795630000001"
"7.5","28.27660912","-1.0626795630000001"
"7.5","28.27660912","-1.0626795630000001"
"7.5","28.27660912","-1.0626795630000001"
"7.5","28.27660912","-1.0626795630000001"
"7.5","28.27660912","-1.0626795630000001"
"7.5","28.27660912","-1.0626795630000001"
"7.5","28.27660912","-1.0626795630000001"
"7.5","28.27660912","-1.0626795630000001"
"7.5","28.27660912","-1.0626795630000001"
"7.5","28.27660912","-1.0626795630000001"
"7.5","28.27660912","-1.0626795630000001"
"7.5","28.27660912","-1.0626795630000001"
"7.5","28.27660912","-1.0626795630000001"
"7.5","28.27660912","-1.0626795630000001"
"7.5","28.27660912","-1.0626795630000001"
"7.5","28.27660912","-1.0626795630000001"
"7.5","28.27660912","-1.0626795630000001"
"7.5","28.27660912","-1.0626795630000001"
"7.5","28.27660912","-1.0626795630000001"
"7.5","28.27660912","-1.0626795630000001"
"7.5","28.27660912","-1.0626795630000001"
"7.5","28.27660912","-1.0626795630000001"
"7.5","28.27660912","-1.0626795630000001"
"7.5","28.27660912","-1.0626795630000001"
"7.5","28.27660912","-1.0626795630000001"
"7.5","28.27660912","-1.0626795630000001"
"7.5","28.27660912","-1.0626795630000001"
"7.5","28.27660912","-1.0626795630000001"
"7.5","28.27660912","-1.0626795630000001"
"7.5","28.27660912","-1.0626795630000001"
"7.5","28.27660912","-1.0626795630000001"
"7.5","28.27660912","-1.0626795630000001"
"7.5","28.27660912","-1.0626795630000001"
"7.5","28.27660912","-1.0626795630000001"
"7.5","28.27660912","-1.0626795630000001"
"7.5","28.27660912","-1.0626795630000001"
"7.5","28.27660912","-1.0626795630000001"
"7.5","28.27660912","-1.0626795630000001"
"7.5","28.27660912","-1.0626795630000001"
"7.5","28.27660912","-1.0626795630000001"
"7.5","28.27660912","-1.0626795630000001"
"7.5","28.27660912","-1.0626795630000001"
"7.5","28.27660912","-1.0626795630000001"
"7.5","28.27660912","-1.0626795630000001"
"7.5","28.27660912","-1.0626795630000001"
"7.5","28.27660912","-1.0626795630000001"
"7.5","28.27660912","-1.0626795630000001"
"7.5","28.27660912","-1.0626795630000001"
"7.5","28.27660912","-1.0626795630000001"
"7.5","28.27660912","-1.0626795630000001"
"7.5","28.27660912","-1.0626795630000001"
"7.5","28.27660912","-1.0626795630000001"
"7.5","28.27660912","-1.0626795630000001"
"7.5","28.27660912","-1.0626795630000001"
"7.5","28.27660912","-1.0626795630000001"
"7.5","28.27660912","-1.0626795630000001"
"7.5","28.27660912","-1.0626795630000001"
"7.5","28.27660912","-1.0626795630000001"
"7.5","28.27660912","-1.0626795630000001"
"7.5","28.27660912","-1.0626795630000001"
"7.5","28.27660912","-1.0626795630000001"
"7.5","28.27660912","-1.0626795630000001"
"7.5","28.27660912","-1.0626795630000001"
"7.5","28.27660912","-1.0626795630000001"
"7.5","28.27660912","-1.0626795630000001"
"7.5","28.27660912","-1.0626795630000001"
"7.5","28.27660912","-1.0626795630000001"
"7.5","28.27660912","-1.0626795630000001"
"7.5","28.27660912","-1.0626795630000001"
"7.5","28.27660912","-1.0626795630000001"
"7.5","28.27660912","-1.0626795630000001"
"7.5","28.27660912","-1.0626795630000001"
"7.5","28.27660912","-1.0626795630000001"
"7.5","28.27660912","-1.0626795630000001"
"7.5","28.27660912","-1.0626795630000001"
"7.5","28.27660912","-1.0626795630000001"
"7.5","28.27660912","-1.0626795630000001"
"7.5","28.27660912","-1.0626795630000001"
"7.5","28.27660912","-1.0626795630000001"
"7.5","28.27660912","-1.0626795630000001"
"7.5","28.27660912","-1.0626795630000001"
"7.5","28.27660912","-1.0626795630000001"
"7.5","28.27660912","-1.0626795630000001"
"7.5","28.27660912","-1.0626795630000001"
"7.5","28.27660912","-1.0626795630000001"
"7.5","28.27660912","-1.0626795630000001"
"7.5","28.27660912","-1.0626795630000001"
"7.5","28.27660912","-1.0626795630000001"
"7.5","28.27660912","-1.0626795630000001"
"7.5","28.27660912","-1.0626795630000001"
"7.5","28.27660912","-1.0626795630000001"
"7.5","28.27660912","-1.0626795630000001"
"7.5","28.27660912","-1.0626795630000001"
"7.5","28.27660912","-1.0626795630000001"
"7.5","28.27660912","-1.0626795630000001"
"7.5","28.27660912","-1.0626795630000001"
"7.5","28.27660912","-1.0626795630000001"
"7.5","28.27660912","-1.0626795630000001"
"7.5","28.27660912","-1.0626795630000001"
"7.5","28.27660912","-1.0626795630000001"
"7.5","28.27660912","-1.0626795630000001"
"7.5","28.27660912","-1.0626795630000001"
"7.5","28.27660912","-1.0626795630000001"
"7.5","28.27660912","-1.0626795630000001"
"9.0","28.27660912","-1.0626795630000001"
"9.0","28.27660912","-1.0626795630000001"
"9.0","28.27660912","-1.0626795630000001"
"9.0","28.27660912","-1.0626795630000001"
"9.0","28.27660912","-1.0626795630000001"
"9.0","28.27660912","-1.0626795630000001"
"9.0","28.27660912","-1.0626795630000001"
"9.0","28.27660912","-1.0626795630000001"
"9.0","28.27660912","-1.0626795630000001"
"9.0","28.27660912","-1.0626795630000001"
"9.0","28.27660912","-1.0626795630000001"
"9.0","28.27660912","-1.0626795630000001"
"9.0","28.27660912","-1.0626795630000001"
"9.0","28.27660912","-1.0626795630000001"
"9.0","28.27660912","-1.0626795630000001"
"9.0","28.27660912","-1.0626795630000001"
"9.0","28.27660912","-1.0626795630000001"
"9.0","28.27660912","-1.0626795630000001"
"9.0","28.27660912","-1.0626795630000001"
"9.0","28.27660912","-1.0626795630000001"
"9.0","28.27660912","-1.0626795630000001"
"9.0","28.27660912","-1.0626795630000001"
"9.0","28.27660912","-1.0626795630000001"
"9.0","28.27660912","-1.0626795630000001"
"9.0","28.27660912","-1.0626795630000001"
"9.0","28.27660912","-1.0626795630000001"
"9.0","28.27660912","-1.0626795630000001"
"9.0","28.27660912","-1.0626795630000001"
"9.0","28.27660912","-1.0626795630000001"
"9.0","28.27660912","-1.0626795630000001"
"9.0","28.27660912","-1.0626795630000001"
"9.0","28.27660912","-1.0626795630000001"
"9.0","28.27660912","-1.0626795630000001"
"9.0","28.27660912","-1.0626795630000001"
"9.0","28.27660912","-1.0626795630000001"
"9.0","28.27660912","-1.0626795630000001"
"9.0","28.27660912","-1.0626795630000001"
"9.0","28.27660912","-1.0626795630000001"
"9.0","28.27660912","-1.0626795630000001"
"9.0","28.27660912","-1.0626795630000001"
"9.0","28.27660912","-1.0626795630000001"
"9.0","28.27660912","-1.0626795630000001"
"9.0","28.27660912","-1.0626795630000001"
"9.0","28.27660912","-1.0626795630000001"
"9.0","28.27660912","-1.0626795630000001"
"9.0","28.27660912","-1.0626795630000001"
"9.0","28.27660912","-1.0626795630000001"
"9.0","28.27660912","-1.0626795630000001"
"9.0","28.27660912","-1.0626795630000001"
"9.0","28.27660912","-1.0626795630000001"
"9.0","28.27660912","-1.0626795630000001"
"9.0","28.27660912","-1.0626795630000001"
"9.0","28.27660912","-1.0626795630000001"
"9.0","28.27660912","-1.0626795630000001"
"9.0","28.27660912","-1.0626795630000001"
"9.0","28.27660912","-1.0626795630000001"
"9.0","28.27660912","-1.0626795630000001"
"9.0","28.27660912","-1.0626795630000001"
"9.0","28.27660912","-1.0626795630000001"
"9.0","28.27660912","-1.0626795630000001"
"9.0","28.27660912","-1.0626795630000001"
"9.0","28.27660912","-1.0626795630000001"
"9.0","28.27660912","-1.0626795630000001"
"9.0","28.27660912","-1.0626795630000001"
"9.0","28.27660912","-1.0626795630000001"
"9.0","28.27660912","-1.0626795630000001"
"9.0","28.27660912","-1.0626795630000001"
"9.0","28.27660912","-1.0626795630000001"
"9.0","28.27660912","-1.0626795630000001"
"9.0","28.27660912","-1.0626795630000001"
"9.0","28.27660912","-1.0626795630000001"
"9.0","28.27660912","-1.0626795630000001"
"9.0","28.27660912","-1.0626795630000001"
"9.0","28.27660912","-1.0626795630000001"
"9.0","28.27660912","-1.0626795630000001"
"9.0","28.27660912","-1.0626795630000001"
"9.0","28.27660912","-1.0626795630000001"
"9.0","28.27660912","-1.0626795630000001"
"9.0","28.27660912","-1.0626795630000001"
"9.0","28.27660912","-1.0626795630000001"
"9.0","28.27660912","-1.0626795630000001"
"9.0","28.27660912","-1.0626795630000001"
"9.0","28.27660912","-1.0626795630000001"
"9.0","28.27660912","-1.0626795630000001"
"9.0","28.27660912","-1.0626795630000001"
"9.0","28.27660912","-1.0626795630000001"
"9.0","28.27660912","-1.0626795630000001"
"9.0","28.27660912","-1.0626795630000001"
"9.0","28.27660912","-1.0626795630000001"
"9.0","28.27660912","-1.0626795630000001"
"9.0","28.27660912","-1.0626795630000001"
"9.0","28.27660912","-1.0626795630000001"
"9.0","28.27660912","-1.0626795630000001"
"9.0","28.27660912","-1.0626795630000001"
"9.0","28.27660912","-1.0626795630000001"
"9.0","28.27660912","-1.0626795630000001"
"9.0","28.27660912","-1.0626795630000001"
"9.0","28.27660912","-1.0626795630000001"
"9.0","28.27660912","-1.0626795630000001"
"9.0","28.27660912","-1.0626795630000001"
"9.0","28.27660912","-1.0626795630000001"
"9.0","28.27660912","-1.0626795630000001"
"9.0","28.27660912","-1.0626795630000001"
"9.0","28.27660912","-1.0626795630000001"
"9.0","28.27660912","-1.0626795630000001"
"9.0","28.27660912","-1.0626795630000001"
"9.0","28.27660912","-1.0626795630000001"
"9.0","28.27660912","-1.0626795630000001"
"9.0","28.27660912","-1.0626795630000001"
"9.0","28.27660912","-1.0626795630000001"
"9.0","28.27660912","-1.0626795630000001"
"9.0","28.27660912","-1.0626795630000001"
"9.0","28.27660912","-1.0626795630000001"
"9.0","28.27660912","-1.0626795630000001"
"9.0","28.27660912","-1.0626795630000001"
"9.0","28.27660912","-1.0626795630000001"
"9.0","28.27660912","-1.0626795630000001"
"9.0","28.27660912","-1.0626795630000001"
"9.0","28.27660912","-1.0626795630000001"
"9.0","28.27660912","-1.0626795630000001"
"9.0","28.27660912","-1.0626795630000001"
"9.0","28.27660912","-1.0626795630000001"
"9.0","28.27660912","-1.0626795630000001"
"9.0","28.27660912","-1.0626795630000001"
"9.0","28.27660912","-1.0626795630000001"
"9.0","28.27660912","-1.0626795630000001"
"9.0","28.27660912","-1.0626795630000001"
"9.0","28.27660912","-1.0626795630000001"
"9.0","28.27660912","-1.0626795630000001"
"9.0","28.27660912","-1.0626795630000001"
"9.0","28.27660912","-1.0626795630000001"
"9.0","28.27660912","-1.0626795630000001"
"9.0","28.27660912","-1.0626795630000001"
"9.0","28.27660912","-1.0626795630000001"
"9.0","28.27660912","-1.0626795630000001"
"9.0","28.27660912","-1.0626795630000001"
"9.0","28.27660912","-1.0626795630000001"
"9.0","28.27660912","-1.0626795630000001"
"9.0","28.27660912","-1.0626795630000001"
"9.0","28.27660912","-1.0626795630000001"
"9.0","28.27660912","-1.0626795630000001"
"9.0","28.27660912","-1.0626795630000001"
"9.0","28.27660912","-1.0626795630000001"
"9.0","28.27660912","-1.0626795630000001"
"9.0","28.27660912","-1.0626795630000001"
"9.0","28.27660912","-1.0626795630000001"
"9.0","28.27660912","-1.0626795630000001"
"9.0","28.27660912","-1.0626795630000001"
"9.0","28.27660912","-1.0626795630000001"
"9.0","28.27660912","-1.0626795630000001"
"9.0","28.27660912","-1.0626795630000001"
"9.0","28.27660912","-1.0626795630000001"
"9.0","28.27660912","-1.0626795630000001"
"9.0","28.27660912","-1.0626795630000001"
"9.0","28.27660912","-1.0626795630000001"
"9.0","28.27660912","-1.0626795630000001"
"9.0","28.27660912","-1.0626795630000001"
"9.0","28.27660912","-1.0626795630000001"
"9.0","28.27660912","-1.0626795630000001"
"9.0","28.27660912","-1.0626795630000001"
"9.0","28.27660912","-1.0626795630000001"
"9.0","28.27660912","-1.0626795630000001"
"9.0","28.27660912","-1.0626795630000001"
"9.0","28.27660912","-1.0626795630000001"
"9.0","28.27660912","-1.0626795630000001"
"9.0","28.27660912","-1.0626795630000001"
"9.0","28.27660912","-1.0626795630000001"
"9.0","28.27660912","-1.0626795630000001"
"9.0","28.27660912","-1.0626795630000001"
"9.0","28.27660912","-1.0626795630000001"
"9.0","28.27660912","-1.0626795630000001"
"9.0","28.27660912","-1.0626795630000001"
"9.0","28.27660912","-1.0626795630000001"
"9.0","28.27660912","-1.0626795630000001"
"9.0","28.27660912","-1.0626795630000001"
"9.0","28.27660912","-1.0626795630000001"
"9.0","28.27660912","-1.0626795630000001"
"9.0","28.27660912","-1.0626795630000001"
"9.0","28.27660912","-1.0626795630000001"
"9.0","28.27660912","-1.0626795630000001"
"9.0","28.27660912","-1.0626795630000001"
"9.0","28.27660912","-1.0626795630000001"
"9.0","28.27660912","-1.0626795630000001"
"9.0","28.27660912","-1.0626795630000001"
"9.0","28.27660912","-1.0626795630000001"
"9.0","28.27660912","-1.0626795630000001"
"9.0","28.27660912","-1.0626795630000001"
"9.0","28.27660912","-1.0626795630000001"
"9.0","28.27660912","-1.0626795630000001"
"9.0","28.27660912","-1.0626795630000001"
"9.0","28.27660912","-1.0626795630000001"
"9.0","28.27660912","-1.0626795630000001"
"9.0","28.27660912","-1.0626795630000001"
"9.0","28.27660912","-1.0626795630000001"
"9.0","28.27660912","-1.0626795630000001"
"9.0","28.27660912","-1.0626795630000001"
"9.0","28.27660912","-1.0626795630000001"
"9.0","28.27660912","-1.0626795630000001"
"9.0","28.27660912","-1.0626795630000001"
"9.0","28.27660912","-1.0626795630000001"
"9.0","28.27660912","-1.0626795630000001"
"9.0","28.27660912","-1.0626795630000001"
"9.0","28.27660912","-1.0626795630000001"
"9.0","28.27660912","-1.0626795630000001"
"9.0","28.27660912","-1.0626795630000001"
"9.0","28.27660912","-1.0626795630000001"
"9.0","28.27660912","-1.0626795630000001"
"9.0","28.27660912","-1.0626795630000001"
"9.0","28.27660912","-1.0626795630000001"
"9.0","28.27660912","-1.0626795630000001"
"9.0","28.27660912","-1.0626795630000001"
"9.0","28.27660912","-1.0626795630000001"
"9.0","28.27660912","-1.0626795630000001"
"9.0","28.27660912","-1.0626795630000001"
"9.0","28.27660912","-1.0626795630000001"
"9.0","28.27660912","-1.0626795630000001"
"9.0","28.27660912","-1.0626795630000001"
"9.0","28.27660912","-1.0626795630000001"
"9.0","28.27660912","-1.0626795630000001"
"9.0","28.27660912","-1.0626795630000001"
"9.0","28.27660912","-1.0626795630000001"
"9.0","28.27660912","-1.0626795630000001"
"9.0","28.27660912","-1.0626795630000001"
"9.0","28.27660912","-1.0626795630000001"
"9.0","28.27660912","-1.0626795630000001"
"9.0","28.27660912","-1.0626795630000001"
"9.0","28.27660912","-1.0626795630000001"
"9.0","28.27660912","-1.0626795630000001"
"9.0","28.27660912","-1.0626795630000001"
"9.0","28.27660912","-1.0626795630000001"
"9.0","28.27660912","-1.0626795630000001"
"9.0","28.27660912","-1.0626795630000001"
"9.0","28.27660912","-1.0626795630000001"
"9.0","28.27660912","-1.0626795630000001"
"9.0","28.27660912","-1.0626795630000001"
"9.0","28.27660912","-1.0626795630000001"
"9.0","28.27660912","-1.0626795630000001"
"9.0","28.27660912","-1.0626795630000001"
"9.0","28.27660912","-1.0626795630000001"
"9.0","28.27660912","-1.0626795630000001"
"9.0","28.27660912","-1.0626795630000001"
"9.0","28.27660912","-1.0626795630000001"
"9.0","28.27660912","-1.0626795630000001"
"9.0","28.27660912","-1.0626795630000001"
"9.0","28.27660912","-1.0626795630000001"
"9.0","28.27660912","-1.0626795630000001"
"9.0","28.27660912","-1.0626795630000001"
"9.0","28.27660912","-1.0626795630000001"
"9.0","28.27660912","-1.0626795630000001"
"9.0","28.27660912","-1.0626795630000001"
"9.0","28.27660912","-1.0626795630000001"
"9.0","28.27660912","-1.0626795630000001"
"9.0","28.27660912","-1.0626795630000001"
"9.0","28.27660912","-1.0626795630000001"
"9.0","28.27660912","-1.0626795630000001"
"9.0","28.27660912","-1.0626795630000001"
"9.0","28.27660912","-1.0626795630000001"
"9.0","28.27660912","-1.0626795630000001"
"9.0","28.27660912","-1.0626795630000001"
"9.0","28.27660912","-1.0626795630000001"
"9.0","28.27660912","-1.0626795630000001"
"9.0","28.27660912","-1.0626795630000001"
"9.0","28.27660912","-1.0626795630000001"
"9.0","28.27660912","-1.0626795630000001"
"9.0","28.27660912","-1.0626795630000001"
"9.0","28.27660912","-1.0626795630000001"
"9.0","28.27660912","-1.0626795630000001"
"9.0","28.27660912","-1.0626795630000001"
"9.0","28.27660912","-1.0626795630000001"
"9.0","28.27660912","-1.0626795630000001"
"9.0","28.27660912","-1.0626795630000001"
"9.0","28.27660912","-1.0626795630000001"
"9.0","28.27660912","-1.0626795630000001"
"9.0","28.27660912","-1.0626795630000001"
"9.0","28.27660912","-1.0626795630000001"
"9.0","28.27660912","-1.0626795630000001"
"9.0","28.27660912","-1.0626795630000001"
"9.0","28.27660912","-1.0626795630000001"
"9.0","28.27660912","-1.0626795630000001"
"9.0","28.27660912","-1.0626795630000001"
"9.0","28.27660912","-1.0626795630000001"
"9.0","28.27660912","-1.0626795630000001"
"9.0","28.27660912","-1.0626795630000001"
"9.0","28.27660912","-1.0626795630000001"
"9.0","28.27660912","-1.0626795630000001"
"9.0","28.27660912","-1.0626795630000001"
"9.0","28.27660912","-1.0626795630000001"
"9.0","28.27660912","-1.0626795630000001"
"9.0","28.27660912","-1.0626795630000001"
"9.0","28.27660912","-1.0626795630000001"
"9.0","28.27660912","-1.0626795630000001"
"9.0","28.27660912","-1.0626795630000001"
"9.0","28.27660912","-1.0626795630000001"
"9.0","28.27660912","-1.0626795630000001"
"9.0","28.27660912","-1.0626795630000001"
"9.0","28.27660912","-1.0626795630000001"
"9.0","28.27660912","-1.0626795630000001"
"9.0","28.27660912","-1.0626795630000001"
"9.0","28.27660912","-1.0626795630000001"
"9.0","28.27660912","-1.0626795630000001"
"9.0","28.27660912","-1.0626795630000001"
"9.0","28.27660912","-1.0626795630000001"
"9.0","28.27660912","-1.0626795630000001"
"9.0","28.27660912","-1.0626795630000001"
"9.0","28.27660912","-1.0626795630000001"
"9.0","28.27660912","-1.0626795630000001"
"9.0","28.27660912","-1.0626795630000001"
"9.0","28.27660912","-1.0626795630000001"
"9.0","28.27660912","-1.0626795630000001"
"9.0","28.27660912","-1.0626795630000001"
"9.0","28.27660912","-1.0626795630000001"
"9.0","28.27660912","-1.0626795630000001"
"9.0","28.27660912","-1.0626795630000001"
"9.0","28.27660912","-1.0626795630000001"
"9.0","28.27660912","-1.0626795630000001"
"9.0","28.27660912","-1.0626795630000001"
"9.0","28.27660912","-1.0626795630000001"
"9.0","28.27660912","-1.0626795630000001"
"9.0","28.27660912","-1.0626795630000001"
"9.0","28.27660912","-1.0626795630000001"
"9.0","28.27660912","-1.0626795630000001"
"9.0","28.27660912","-1.0626795630000001"
"9.0","28.27660912","-1.0626795630000001"
"9.0","28.27660912","-1.0626795630000001"
"9.0","28.27660912","-1.0626795630000001"
"9.0","28.27660912","-1.0626795630000001"
"9.0","28.27660912","-1.0626795630000001"
"9.0","28.27660912","-1.0626795630000001"
"9.0","28.27660912","-1.0626795630000001"
"9.0","28.27660912","-1.0626795630000001"
"9.0","28.27660912","-1.0626795630000001"
"9.0","28.27660912","-1.0626795630000001"
"9.0","28.27660912","-1.0626795630000001"
"9.0","28.27660912","-1.0626795630000001"
"9.0","28.27660912","-1.0626795630000001"
"9.0","28.27660912","-1.0626795630000001"
"9.0","28.27660912","-1.0626795630000001"
"9.0","28.27660912","-1.0626795630000001"
"9.0","28.27660912","-1.0626795630000001"
"9.0","28.27660912","-1.0626795630000001"
"9.0","28.27660912","-1.0626795630000001"
"9.0","28.27660912","-1.0626795630000001"
"9.0","28.27660912","-1.0626795630000001"
"9.0","28.27660912","-1.0626795630000001"
"9.0","28.27660912","-1.0626795630000001"
"9.0","28.27660912","-1.0626795630000001"
"9.0","28.27660912","-1.0626795630000001"
"9.0","28.27660912","-1.0626795630000001"
"9.0","28.27660912","-1.0626795630000001"
"9.0","28.27660912","-1.0626795630000001"
"9.0","28.27660912","-1.0626795630000001"
"9.0","28.27660912","-1.0626795630000001"
"9.0","28.27660912","-1.0626795630000001"
"9.0","28.27660912","-1.0626795630000001"
"9.0","28.27660912","-1.0626795630000001"
"9.0","28.27660912","-1.0626795630000001"
"9.0","28.27660912","-1.0626795630000001"
"9.0","28.27660912","-1.0626795630000001"
"9.0","28.27660912","-1.0626795630000001"
"9.0","28.27660912","-1.0626795630000001"
"9.0","28.27660912","-1.0626795630000001"
"9.0","28.27660912","-1.0626795630000001"
"9.0","28.27660912","-1.0626795630000001"
"9.0","28.27660912","-1.0626795630000001"
"9.0","28.27660912","-1.0626795630000001"
"12.800000000000001","28.27660912","-1.0626795630000001"
"12.800000000000001","28.27660912","-1.0626795630000001"
"12.800000000000001","28.27660912","-1.0626795630000001"
"12.800000000000001","28.27660912","-1.0626795630000001"
"12.800000000000001","28.27660912","-1.0626795630000001"
"12.800000000000001","28.27660912","-1.0626795630000001"
"12.800000000000001","28.27660912","-1.0626795630000001"
"12.800000000000001","28.27660912","-1.0626795630000001"
"12.800000000000001","28.27660912","-1.0626795630000001"
"12.800000000000001","28.27660912","-1.0626795630000001"
"12.800000000000001","28.27660912","-1.0626795630000001"
"12.800000000000001","28.27660912","-1.0626795630000001"
"12.800000000000001","28.27660912","-1.0626795630000001"
"12.800000000000001","28.27660912","-1.0626795630000001"
"12.800000000000001","28.27660912","-1.0626795630000001"
"12.800000000000001","28.27660912","-1.0626795630000001"
"12.800000000000001","28.27660912","-1.0626795630000001"
"12.800000000000001","28.27660912","-1.0626795630000001"
"12.800000000000001","28.27660912","-1.0626795630000001"
"12.800000000000001","28.27660912","-1.0626795630000001"
"12.800000000000001","28.27660912","-1.0626795630000001"
"12.800000000000001","28.27660912","-1.0626795630000001"
"12.800000000000001","28.27660912","-1.0626795630000001"
"12.800000000000001","28.27660912","-1.0626795630000001"
"12.800000000000001","28.27660912","-1.0626795630000001"
"12.800000000000001","28.27660912","-1.0626795630000001"
"12.800000000000001","28.27660912","-1.0626795630000001"
"12.800000000000001","28.27660912","-1.0626795630000001"
"12.800000000000001","28.27660912","-1.0626795630000001"
"12.800000000000001","28.27660912","-1.0626795630000001"
"12.800000000000001","28.27660912","-1.0626795630000001"
"12.800000000000001","28.27660912","-1.0626795630000001"
"12.800000000000001","28.27660912","-1.0626795630000001"
"12.800000000000001","28.27660912","-1.0626795630000001"
"12.800000000000001","28.27660912","-1.0626795630000001"
"12.800000000000001","28.27660912","-1.0626795630000001"
"12.800000000000001","28.27660912","-1.0626795630000001"
"12.800000000000001","28.27660912","-1.0626795630000001"
"12.800000000000001","28.27660912","-1.0626795630000001"
"12.800000000000001","28.27660912","-1.0626795630000001"
"12.800000000000001","28.27660912","-1.0626795630000001"
"12.800000000000001","28.27660912","-1.0626795630000001"
"12.800000000000001","28.27660912","-1.0626795630000001"
"12.800000000000001","28.27660912","-1.0626795630000001"
"12.800000000000001","28.27660912","-1.0626795630000001"
"12.800000000000001","28.27660912","-1.0626795630000001"
"12.800000000000001","28.27660912","-1.0626795630000001"
"12.800000000000001","28.27660912","-1.0626795630000001"
"12.800000000000001","28.27660912","-1.0626795630000001"
"12.800000000000001","28.27660912","-1.0626795630000001"
"12.800000000000001","28.27660912","-1.0626795630000001"
"12.800000000000001","28.27660912","-1.0626795630000001"
"12.800000000000001","28.27660912","-1.0626795630000001"
"12.800000000000001","28.27660912","-1.0626795630000001"
"12.800000000000001","28.27660912","-1.0626795630000001"
"12.800000000000001","28.27660912","-1.0626795630000001"
"12.800000000000001","28.27660912","-1.0626795630000001"
"12.800000000000001","28.27660912","-1.0626795630000001"
"12.800000000000001","28.27660912","-1.0626795630000001"
"12.800000000000001","28.27660912","-1.0626795630000001"
"12.800000000000001","28.27660912","-1.0626795630000001"
"12.800000000000001","28.27660912","-1.0626795630000001"
"12.800000000000001","28.27660912","-1.0626795630000001"
"12.800000000000001","28.27660912","-1.0626795630000001"
"12.800000000000001","28.27660912","-1.0626795630000001"
"12.800000000000001","28.27660912","-1.0626795630000001"
"12.800000000000001","28.27660912","-1.0626795630000001"
"12.800000000000001","28.27660912","-1.0626795630000001"
"12.800000000000001","28.27660912","-1.0626795630000001"
"12.800000000000001","28.27660912","-1.0626795630000001"
"12.800000000000001","28.27660912","-1.0626795630000001"
"12.800000000000001","28.27660912","-1.0626795630000001"
"12.800000000000001","28.27660912","-1.0626795630000001"
"12.800000000000001","28.27660912","-1.0626795630000001"
"12.800000000000001","28.27660912","-1.0626795630000001"
"12.800000000000001","28.27660912","-1.0626795630000001"
"12.800000000000001","28.27660912","-1.0626795630000001"
"12.800000000000001","28.27660912","-1.0626795630000001"
"12.800000000000001","28.27660912","-1.0626795630000001"
"12.800000000000001","28.27660912","-1.0626795630000001"
"12.800000000000001","28.27660912","-1.0626795630000001"
"12.800000000000001","28.27660912","-1.0626795630000001"
"12.800000000000001","28.27660912","-1.0626795630000001"
"12.800000000000001","28.27660912","-1.0626795630000001"
"12.800000000000001","28.27660912","-1.0626795630000001"
"12.800000000000001","28.27660912","-1.0626795630000001"
"12.800000000000001","28.27660912","-1.0626795630000001"
"12.800000000000001","28.27660912","-1.0626795630000001"
"12.800000000000001","28.27660912","-1.0626795630000001"
"12.800000000000001","28.27660912","-1.0626795630000001"
"12.800000000000001","28.27660912","-1.0626795630000001"
"12.800000000000001","28.27660912","-1.0626795630000001"
"12.800000000000001","28.27660912","-1.0626795630000001"
"12.800000000000001","28.27660912","-1.0626795630000001"
"12.800000000000001","28.27660912","-1.0626795630000001"
"12.800000000000001","28.27660912","-1.0626795630000001"
"12.800000000000001","28.27660912","-1.0626795630000001"
"12.800000000000001","28.27660912","-1.0626795630000001"
"12.800000000000001","28.27660912","-1.0626795630000001"
"12.800000000000001","28.27660912","-1.0626795630000001"
"12.800000000000001","28.27660912","-1.0626795630000001"
"12.800000000000001","28.27660912","-1.0626795630000001"
"12.800000000000001","28.27660912","-1.0626795630000001"
"12.800000000000001","28.27660912","-1.0626795630000001"
"12.800000000000001","28.27660912","-1.0626795630000001"
"12.800000000000001","28.27660912","-1.0626795630000001"
"12.800000000000001","28.27660912","-1.0626795630000001"
"12.800000000000001","28.27660912","-1.0626795630000001"
"12.800000000000001","28.27660912","-1.0626795630000001"
"12.800000000000001","28.27660912","-1.0626795630000001"
"12.800000000000001","28.27660912","-1.0626795630000001"
"12.800000000000001","28.27660912","-1.0626795630000001"
"12.800000000000001","28.27660912","-1.0626795630000001"
"12.800000000000001","28.27660912","-1.0626795630000001"
"12.800000000000001","28.27660912","-1.0626795630000001"
"12.800000000000001","28.27660912","-1.0626795630000001"
"12.800000000000001","28.27660912","-1.0626795630000001"
"12.800000000000001","28.27660912","-1.0626795630000001"
"12.800000000000001","28.27660912","-1.0626795630000001"
"12.800000000000001","28.27660912","-1.0626795630000001"
"12.800000000000001","28.27660912","-1.0626795630000001"
"12.800000000000001","28.27660912","-1.0626795630000001"
"12.800000000000001","28.27660912","-1.0626795630000001"
"12.800000000000001","28.27660912","-1.0626795630000001"
"12.800000000000001","28.27660912","-1.0626795630000001"
"12.800000000000001","28.27660912","-1.0626795630000001"
"12.800000000000001","28.27660912","-1.0626795630000001"
"12.800000000000001","28.27660912","-1.0626795630000001"
"12.800000000000001","28.27660912","-1.0626795630000001"
"12.800000000000001","28.27660912","-1.0626795630000001"
"12.800000000000001","28.27660912","-1.0626795630000001"
"12.800000000000001","28.27660912","-1.0626795630000001"
"12.800000000000001","28.27660912","-1.0626795630000001"
"12.800000000000001","28.27660912","-1.0626795630000001"
"12.800000000000001","28.27660912","-1.0626795630000001"
"12.800000000000001","28.27660912","-1.0626795630000001"
"12.800000000000001","28.27660912","-1.0626795630000001"
"12.800000000000001","28.27660912","-1.0626795630000001"
"12.800000000000001","28.27660912","-1.0626795630000001"
"12.800000000000001","28.27660912","-1.0626795630000001"
"12.800000000000001","28.27660912","-1.0626795630000001"
"12.800000000000001","28.27660912","-1.0626795630000001"
"12.800000000000001","28.27660912","-1.0626795630000001"
"12.800000000000001","28.27660912","-1.0626795630000001"
"12.800000000000001","28.27660912","-1.0626795630000001"
"12.800000000000001","28.27660912","-1.0626795630000001"
"12.800000000000001","28.27660912","-1.0626795630000001"
"12.800000000000001","28.27660912","-1.0626795630000001"
"12.800000000000001","28.27660912","-1.0626795630000001"
"12.800000000000001","28.27660912","-1.0626795630000001"
"12.800000000000001","28.27660912","-1.0626795630000001"
"12.800000000000001","28.27660912","-1.0626795630000001"
"12.800000000000001","28.27660912","-1.0626795630000001"
"12.800000000000001","28.27660912","-1.0626795630000001"
"12.800000000000001","28.27660912","-1.0626795630000001"
"12.800000000000001","28.27660912","-1.0626795630000001"
"12.800000000000001","28.27660912","-1.0626795630000001"
"12.800000000000001","28.27660912","-1.0626795630000001"
"12.800000000000001","28.27660912","-1.0626795630000001"
"12.800000000000001","28.27660912","-1.0626795630000001"
"12.800000000000001","28.27660912","-1.0626795630000001"
"12.800000000000001","28.27660912","-1.0626795630000001"
"12.800000000000001","28.27660912","-1.0626795630000001"
"12.800000000000001","28.27660912","-1.0626795630000001"
"12.800000000000001","28.27660912","-1.0626795630000001"
"12.800000000000001","28.27660912","-1.0626795630000001"
"12.800000000000001","28.27660912","-1.0626795630000001"
"12.800000000000001","28.27660912","-1.0626795630000001"
"12.800000000000001","28.27660912","-1.0626795630000001"
"12.800000000000001","28.27660912","-1.0626795630000001"
"12.800000000000001","28.27660912","-1.0626795630000001"
"12.800000000000001","28.27660912","-1.0626795630000001"
"12.800000000000001","28.27660912","-1.0626795630000001"
"12.800000000000001","28.27660912","-1.0626795630000001"
"12.800000000000001","28.27660912","-1.0626795630000001"
"12.800000000000001","28.27660912","-1.0626795630000001"
"12.800000000000001","28.27660912","-1.0626795630000001"
"12.800000000000001","28.27660912","-1.0626795630000001"
"12.800000000000001","28.27660912","-1.0626795630000001"
"12.800000000000001","28.27660912","-1.0626795630000001"
"12.800000000000001","28.27660912","-1.0626795630000001"
"12.800000000000001","28.27660912","-1.0626795630000001"
"12.800000000000001","28.27660912","-1.0626795630000001"
"12.800000000000001","28.27660912","-1.0626795630000001"
"12.800000000000001","28.27660912","-1.0626795630000001"
"12.800000000000001","28.27660912","-1.0626795630000001"
"12.800000000000001","28.27660912","-1.0626795630000001"
"12.800000000000001","28.27660912","-1.0626795630000001"
"12.800000000000001","28.27660912","-1.0626795630000001"
"12.800000000000001","28.27660912","-1.0626795630000001"
"12.800000000000001","28.27660912","-1.0626795630000001"
"12.800000000000001","28.27660912","-1.0626795630000001"
"12.800000000000001","28.27660912","-1.0626795630000001"
"12.800000000000001","28.27660912","-1.0626795630000001"
"12.800000000000001","28.27660912","-1.0626795630000001"
"12.800000000000001","28.27660912","-1.0626795630000001"
"12.800000000000001","28.27660912","-1.0626795630000001"
"12.800000000000001","28.27660912","-1.0626795630000001"
"12.800000000000001","28.27660912","-1.0626795630000001"
"12.800000000000001","28.27660912","-1.0626795630000001"
"12.800000000000001","28.27660912","-1.0626795630000001"
"12.800000000000001","28.27660912","-1.0626795630000001"
"12.800000000000001","28.27660912","-1.0626795630000001"
"12.800000000000001","28.27660912","-1.0626795630000001"
"12.800000000000001","28.27660912","-1.0626795630000001"
"12.800000000000001","28.27660912","-1.0626795630000001"
"12.800000000000001","28.27660912","-1.0626795630000001"
"12.800000000000001","28.27660912","-1.0626795630000001"
"12.800000000000001","28.27660912","-1.0626795630000001"
"12.800000000000001","28.27660912","-1.0626795630000001"
"12.800000000000001","28.27660912","-1.0626795630000001"
"12.800000000000001","28.27660912","-1.0626795630000001"
"12.800000000000001","28.27660912","-1.0626795630000001"
"12.800000000000001","28.27660912","-1.0626795630000001"
"12.800000000000001","28.27660912","-1.0626795630000001"
"12.800000000000001","28.27660912","-1.0626795630000001"
"12.800000000000001","28.27660912","-1.0626795630000001"
"12.800000000000001","28.27660912","-1.0626795630000001"
"12.800000000000001","28.27660912","-1.0626795630000001"
"12.800000000000001","28.27660912","-1.0626795630000001"
"12.800000000000001","28.27660912","-1.0626795630000001"
"12.800000000000001","28.27660912","-1.0626795630000001"
"12.800000000000001","28.27660912","-1.0626795630000001"
"12.800000000000001","28.27660912","-1.0626795630000001"
"12.800000000000001","28.27660912","-1.0626795630000001"
"12.800000000000001","28.27660912","-1.0626795630000001"
"12.800000000000001","28.27660912","-1.0626795630000001"
"12.800000000000001","28.27660912","-1.0626795630000001"
"12.800000000000001","28.27660912","-1.0626795630000001"
"12.800000000000001","28.27660912","-1.0626795630000001"
"12.800000000000001","28.27660912","-1.0626795630000001"
"12.800000000000001","28.27660912","-1.0626795630000001"
"12.800000000000001","28.27660912","-1.0626795630000001"
"12.800000000000001","28.27660912","-1.0626795630000001"
"12.800000000000001","28.27660912","-1.0626795630000001"
"12.800000000000001","28.27660912","-1.0626795630000001"
"12.800000000000001","28.27660912","-1.0626795630000001"
"12.800000000000001","28.27660912","-1.0626795630000001"
"12.800000000000001","28.27660912","-1.0626795630000001"
"12.800000000000001","28.27660912","-1.0626795630000001"
"12.800000000000001","28.27660912","-1.0626795630000001"
"12.800000000000001","28.27660912","-1.0626795630000001"
"12.800000000000001","28.27660912","-1.0626795630000001"
"12.800000000000001","28.27660912","-1.0626795630000001"
"12.800000000000001","28.27660912","-1.0626795630000001"
"12.800000000000001","28.27660912","-1.0626795630000001"
"12.800000000000001","28.27660912","-1.0626795630000001"
"12.800000000000001","28.27660912","-1.0626795630000001"
"12.800000000000001","28.27660912","-1.0626795630000001"
"12.800000000000001","28.27660912","-1.0626795630000001"
"12.800000000000001","28.27660912","-1.0626795630000001"
"12.800000000000001","28.27660912","-1.0626795630000001"
"12.800000000000001","28.27660912","-1.0626795630000001"
"12.800000000000001","28.27660912","-1.0626795630000001"
"12.800000000000001","28.27660912","-1.0626795630000001"
"12.800000000000001","28.27660912","-1.0626795630000001"
"12.800000000000001","28.27660912","-1.0626795630000001"
"12.800000000000001","28.27660912","-1.0626795630000001"
"12.800000000000001","28.27660912","-1.0626795630000001"
"12.800000000000001","28.27660912","-1.0626795630000001"
"12.800000000000001","28.27660912","-1.0626795630000001"
"12.800000000000001","28.27660912","-1.0626795630000001"
"12.800000000000001","28.27660912","-1.0626795630000001"
"12.800000000000001","28.27660912","-1.0626795630000001"
"12.800000000000001","28.27660912","-1.0626795630000001"
"12.800000000000001","28.27660912","-1.0626795630000001"
"12.800000000000001","28.27660912","-1.0626795630000001"
"12.800000000000001","28.27660912","-1.0626795630000001"
"12.800000000000001","28.27660912","-1.0626795630000001"
"12.800000000000001","28.27660912","-1.0626795630000001"
"12.800000000000001","28.27660912","-1.0626795630000001"
"12.800000000000001","28.27660912","-1.0626795630000001"
"12.800000000000001","28.27660912","-1.0626795630000001"
"12.800000000000001","28.27660912","-1.0626795630000001"
"12.800000000000001","28.27660912","-1.0626795630000001"
"12.800000000000001","28.27660912","-1.0626795630000001"
"12.800000000000001","28.27660912","-1.0626795630000001"
"12.800000000000001","28.27660912","-1.0626795630000001"
"12.800000000000001","28.27660912","-1.0626795630000001"
"12.800000000000001","28.27660912","-1.0626795630000001"
"12.800000000000001","28.27660912","-1.0626795630000001"
"12.800000000000001","28.27660912","-1.0626795630000001"
"12.800000000000001","28.27660912","-1.0626795630000001"
"12.800000000000001","28.27660912","-1.0626795630000001"
"12.800000000000001","28.27660912","-1.0626795630000001"
"12.800000000000001","28.27660912","-1.0626795630000001"
"12.800000000000001","28.27660912","-1.0626795630000001"
"12.800000000000001","28.27660912","-1.0626795630000001"
"12.800000000000001","28.27660912","-1.0626795630000001"
"12.800000000000001","28.27660912","-1.0626795630000001"
"12.800000000000001","28.27660912","-1.0626795630000001"
"12.800000000000001","28.27660912","-1.0626795630000001"
"12.800000000000001","28.27660912","-1.0626795630000001"
"12.800000000000001","28.27660912","-1.0626795630000001"
"12.800000000000001","28.27660912","-1.0626795630000001"
"12.800000000000001","28.27660912","-1.0626795630000001"
"12.800000000000001","28.27660912","-1.0626795630000001"
"12.800000000000001","28.27660912","-1.0626795630000001"
"12.800000000000001","28.27660912","-1.0626795630000001"
"12.800000000000001","28.27660912","-1.0626795630000001"
"12.800000000000001","28.27660912","-1.0626795630000001"
"12.800000000000001","28.27660912","-1.0626795630000001"
"12.800000000000001","28.27660912","-1.0626795630000001"
"12.800000000000001","28.27660912","-1.0626795630000001"
"12.800000000000001","28.27660912","-1.0626795630000001"
"12.800000000000001","28.27660912","-1.0626795630000001"
"12.800000000000001","28.27660912","-1.0626795630000001"
"12.800000000000001","28.27660912","-1.0626795630000001"
"12.800000000000001","28.27660912","-1.0626795630000001"
"12.800000000000001","28.27660912","-1.0626795630000001"
"12.800000000000001","28.27660912","-1.0626795630000001"
"12.800000000000001","28.27660912","-1.0626795630000001"
"12.800000000000001","28.27660912","-1.0626795630000001"
"12.800000000000001","28.27660912","-1.0626795630000001"
"12.800000000000001","28.27660912","-1.0626795630000001"
"12.800000000000001","28.27660912","-1.0626795630000001"
"12.800000000000001","28.27660912","-1.0626795630000001"
"12.800000000000001","28.27660912","-1.0626795630000001"
"12.800000000000001","28.27660912","-1.0626795630000001"
"12.800000000000001","28.27660912","-1.0626795630000001"
"12.800000000000001","28.27660912","-1.0626795630000001"
"12.800000000000001","28.27660912","-1.0626795630000001"
"12.800000000000001","28.27660912","-1.0626795630000001"
"12.800000000000001","28.27660912","-1.0626795630000001"
"12.800000000000001","28.27660912","-1.0626795630000001"
"12.800000000000001","28.27660912","-1.0626795630000001"
"12.800000000000001","28.27660912","-1.0626795630000001"
"12.800000000000001","28.27660912","-1.0626795630000001"
"12.800000000000001","28.27660912","-1.0626795630000001"
"12.800000000000001","28.27660912","-1.0626795630000001"
"12.800000000000001","28.27660912","-1.0626795630000001"
"12.800000000000001","28.27660912","-1.0626795630000001"
"12.800000000000001","28.27660912","-1.0626795630000001"
"12.800000000000001","28.27660912","-1.0626795630000001"
"12.800000000000001","28.27660912","-1.0626795630000001"
"12.800000000000001","28.27660912","-1.0626795630000001"
"12.800000000000001","28.27660912","-1.0626795630000001"
"12.800000000000001","28.27660912","-1.0626795630000001"
"12.800000000000001","28.27660912","-1.0626795630000001"
"12.800000000000001","28.27660912","-1.0626795630000001"
"12.800000000000001","28.27660912","-1.0626795630000001"
"12.800000000000001","28.27660912","-1.0626795630000001"
"12.800000000000001","28.27660912","-1.0626795630000001"
"12.800000000000001","28.27660912","-1.0626795630000001"
"12.800000000000001","28.27660912","-1.0626795630000001"
"12.800000000000001","28.27660912","-1.0626795630000001"
"12.800000000000001","28.27660912","-1.0626795630000001"
"12.800000000000001","28.27660912","-1.0626795630000001"
"12.800000000000001","28.27660912","-1.0626795630000001"
"12.800000000000001","28.27660912","-1.0626795630000001"
"12.800000000000001","28.27660912","-1.0626795630000001"
"12.800000000000001","28.27660912","-1.0626795630000001"
"12.800000000000001","28.27660912","-1.0626795630000001"
"12.800000000000001","28.27660912","-1.0626795630000001"
"12.800000000000001","28.27660912","-1.0626795630000001"
"12.800000000000001","28.27660912","-1.0626795630000001"
"12.800000000000001","28.27660912","-1.0626795630000001"
"12.800000000000001","28.27660912","-1.0626795630000001"
"12.800000000000001","28.27660912","-1.0626795630000001"
"12.800000000000001","28.27660912","-1.0626795630000001"
"12.800000000000001","28.27660912","-1.0626795630000001"
"12.800000000000001","28.27660912","-1.0626795630000001"
"12.800000000000001","28.27660912","-1.0626795630000001"
"12.800000000000001","28.27660912","-1.0626795630000001"
"12.800000000000001","28.27660912","-1.0626795630000001"
"12.800000000000001","28.27660912","-1.0626795630000001"
"13.6","28.27660912","-1.0626795630000001"
"13.6","28.27660912","-1.0626795630000001"
"13.6","28.27660912","-1.0626795630000001"
"13.6","28.27660912","-1.0626795630000001"
"13.6","28.27660912","-1.0626795630000001"
"13.6","28.27660912","-1.0626795630000001"
"13.6","28.27660912","-1.0626795630000001"
"13.6","28.27660912","-1.0626795630000001"
"13.6","28.27660912","-1.0626795630000001"
"13.6","28.27660912","-1.0626795630000001"
"13.6","28.27660912","-1.0626795630000001"
"13.6","28.27660912","-1.0626795630000001"
"13.6","28.27660912","-1.0626795630000001"
"13.6","28.27660912","-1.0626795630000001"
"13.6","28.27660912","-1.0626795630000001"
"13.6","28.27660912","-1.0626795630000001"
"13.6","28.27660912","-1.0626795630000001"
"13.6","28.27660912","-1.0626795630000001"
"13.6","28.27660912","-1.0626795630000001"
"13.6","28.27660912","-1.0626795630000001"
"13.6","28.27660912","-1.0626795630000001"
"13.6","28.27660912","-1.0626795630000001"
"13.6","28.27660912","-1.0626795630000001"
"13.6","28.27660912","-1.0626795630000001"
"13.6","28.27660912","-1.0626795630000001"
"13.6","28.27660912","-1.0626795630000001"
"13.6","28.27660912","-1.0626795630000001"
"13.6","28.27660912","-1.0626795630000001"
"13.6","28.27660912","-1.0626795630000001"
"13.6","28.27660912","-1.0626795630000001"
"13.6","28.27660912","-1.0626795630000001"
"13.6","28.27660912","-1.0626795630000001"
"13.6","28.27660912","-1.0626795630000001"
"13.6","28.27660912","-1.0626795630000001"
"13.6","28.27660912","-1.0626795630000001"
"13.6","28.27660912","-1.0626795630000001"
"13.6","28.27660912","-1.0626795630000001"
"13.6","28.27660912","-1.0626795630000001"
"13.6","28.27660912","-1.0626795630000001"
"13.6","28.27660912","-1.0626795630000001"
"13.6","28.27660912","-1.0626795630000001"
"13.6","28.27660912","-1.0626795630000001"
"13.6","28.27660912","-1.0626795630000001"
"13.6","28.27660912","-1.0626795630000001"
"13.6","28.27660912","-1.0626795630000001"
"13.6","28.27660912","-1.0626795630000001"
"13.6","28.27660912","-1.0626795630000001"
"13.6","28.27660912","-1.0626795630000001"
"13.6","28.27660912","-1.0626795630000001"
"13.6","28.27660912","-1.0626795630000001"
"13.6","28.27660912","-1.0626795630000001"
"13.6","28.27660912","-1.0626795630000001"
"13.6","28.27660912","-1.0626795630000001"
"13.6","28.27660912","-1.0626795630000001"
"13.6","28.27660912","-1.0626795630000001"
"13.6","28.27660912","-1.0626795630000001"
"13.6","28.27660912","-1.0626795630000001"
"13.6","28.27660912","-1.0626795630000001"
"13.6","28.27660912","-1.0626795630000001"
"13.6","28.27660912","-1.0626795630000001"
"13.6","28.27660912","-1.0626795630000001"
"13.6","28.27660912","-1.0626795630000001"
"13.6","28.27660912","-1.0626795630000001"
"13.6","28.27660912","-1.0626795630000001"
"13.6","28.27660912","-1.0626795630000001"
"13.6","28.27660912","-1.0626795630000001"
"13.6","28.27660912","-1.0626795630000001"
"13.6","28.27660912","-1.0626795630000001"
"13.6","28.27660912","-1.0626795630000001"
"13.6","28.27660912","-1.0626795630000001"
"13.6","28.27660912","-1.0626795630000001"
"13.6","28.27660912","-1.0626795630000001"
"13.6","28.27660912","-1.0626795630000001"
"13.6","28.27660912","-1.0626795630000001"
"13.6","28.27660912","-1.0626795630000001"
"13.6","28.27660912","-1.0626795630000001"
"13.6","28.27660912","-1.0626795630000001"
"13.6","28.27660912","-1.0626795630000001"
"13.6","28.27660912","-1.0626795630000001"
"13.6","28.27660912","-1.0626795630000001"
"13.6","28.27660912","-1.0626795630000001"
"13.6","28.27660912","-1.0626795630000001"
"13.6","28.27660912","-1.0626795630000001"
"13.6","28.27660912","-1.0626795630000001"
"13.6","28.27660912","-1.0626795630000001"
"13.6","28.27660912","-1.0626795630000001"
"13.6","28.27660912","-1.0626795630000001"
"13.6","28.27660912","-1.0626795630000001"
"13.6","28.27660912","-1.0626795630000001"
"13.6","28.27660912","-1.0626795630000001"
"13.6","28.27660912","-1.0626795630000001"
"13.6","28.27660912","-1.0626795630000001"
"13.6","28.27660912","-1.0626795630000001"
"13.6","28.27660912","-1.0626795630000001"
"13.6","28.27660912","-1.0626795630000001"
"13.6","28.27660912","-1.0626795630000001"
"13.6","28.27660912","-1.0626795630000001"
"13.6","28.27660912","-1.0626795630000001"
"13.6","28.27660912","-1.0626795630000001"
"13.6","28.27660912","-1.0626795630000001"
"13.6","28.27660912","-1.0626795630000001"
"13.6","28.27660912","-1.0626795630000001"
"13.6","28.27660912","-1.0626795630000001"
"13.6","28.27660912","-1.0626795630000001"
"13.6","28.27660912","-1.0626795630000001"
"13.6","28.27660912","-1.0626795630000001"
"13.6","28.27660912","-1.0626795630000001"
"13.6","28.27660912","-1.0626795630000001"
"13.6","28.27660912","-1.0626795630000001"
"13.6","28.27660912","-1.0626795630000001"
"13.6","28.27660912","-1.0626795630000001"
"13.6","28.27660912","-1.0626795630000001"
"13.6","28.27660912","-1.0626795630000001"
"13.6","28.27660912","-1.0626795630000001"
"13.6","28.27660912","-1.0626795630000001"
"13.6","28.27660912","-1.0626795630000001"
"13.6","28.27660912","-1.0626795630000001"
"13.6","28.27660912","-1.0626795630000001"
"13.6","28.27660912","-1.0626795630000001"
"13.6","28.27660912","-1.0626795630000001"
"13.6","28.27660912","-1.0626795630000001"
"13.6","28.27660912","-1.0626795630000001"
"13.6","28.27660912","-1.0626795630000001"
"13.6","28.27660912","-1.0626795630000001"
"13.6","28.27660912","-1.0626795630000001"
"13.6","28.27660912","-1.0626795630000001"
"13.6","28.27660912","-1.0626795630000001"
"13.6","28.27660912","-1.0626795630000001"
"13.6","28.27660912","-1.0626795630000001"
"13.6","28.27660912","-1.0626795630000001"
"13.6","28.27660912","-1.0626795630000001"
"13.6","28.27660912","-1.0626795630000001"
"13.6","28.27660912","-1.0626795630000001"
"13.6","28.27660912","-1.0626795630000001"
"13.6","28.27660912","-1.0626795630000001"
"13.6","28.27660912","-1.0626795630000001"
"13.6","28.27660912","-1.0626795630000001"
"13.6","28.27660912","-1.0626795630000001"
"13.6","28.27660912","-1.0626795630000001"
"13.6","28.27660912","-1.0626795630000001"
"13.6","28.27660912","-1.0626795630000001"
"13.6","28.27660912","-1.0626795630000001"
"13.6","28.27660912","-1.0626795630000001"
"13.6","28.27660912","-1.0626795630000001"
"13.6","28.27660912","-1.0626795630000001"
"13.6","28.27660912","-1.0626795630000001"
"13.6","28.27660912","-1.0626795630000001"
"13.6","28.27660912","-1.0626795630000001"
"13.6","28.27660912","-1.0626795630000001"
"13.6","28.27660912","-1.0626795630000001"
"13.6","28.27660912","-1.0626795630000001"
"13.6","28.27660912","-1.0626795630000001"
"13.6","28.27660912","-1.0626795630000001"
"13.6","28.27660912","-1.0626795630000001"
"13.6","28.27660912","-1.0626795630000001"
"13.6","28.27660912","-1.0626795630000001"
"13.6","28.27660912","-1.0626795630000001"
"13.6","28.27660912","-1.0626795630000001"
"13.6","28.27660912","-1.0626795630000001"
"13.6","28.27660912","-1.0626795630000001"
"13.6","28.27660912","-1.0626795630000001"
"13.6","28.27660912","-1.0626795630000001"
"13.6","28.27660912","-1.0626795630000001"
"13.6","28.27660912","-1.0626795630000001"
"13.6","28.27660912","-1.0626795630000001"
"13.6","28.27660912","-1.0626795630000001"
"13.6","28.27660912","-1.0626795630000001"
"13.6","28.27660912","-1.0626795630000001"
"13.6","28.27660912","-1.0626795630000001"
"13.6","28.27660912","-1.0626795630000001"
"13.6","28.27660912","-1.0626795630000001"
"13.6","28.27660912","-1.0626795630000001"
"13.6","28.27660912","-1.0626795630000001"
"13.6","28.27660912","-1.0626795630000001"
"13.6","28.27660912","-1.0626795630000001"
"13.6","28.27660912","-1.0626795630000001"
"13.6","28.27660912","-1.0626795630000001"
"13.6","28.27660912","-1.0626795630000001"
"13.6","28.27660912","-1.0626795630000001"
"13.6","28.27660912","-1.0626795630000001"
"13.6","28.27660912","-1.0626795630000001"
"13.6","28.27660912","-1.0626795630000001"
"13.6","28.27660912","-1.0626795630000001"
"13.6","28.27660912","-1.0626795630000001"
"13.6","28.27660912","-1.0626795630000001"
"13.6","28.27660912","-1.0626795630000001"
"13.6","28.27660912","-1.0626795630000001"
"13.6","28.27660912","-1.0626795630000001"
"13.6","28.27660912","-1.0626795630000001"
"13.6","28.27660912","-1.0626795630000001"
"13.6","28.27660912","-1.0626795630000001"
"13.6","28.27660912","-1.0626795630000001"
"13.6","28.27660912","-1.0626795630000001"
"13.6","28.27660912","-1.0626795630000001"
"13.6","28.27660912","-1.0626795630000001"
"13.6","28.27660912","-1.0626795630000001"
"13.6","28.27660912","-1.0626795630000001"
"13.6","28.27660912","-1.0626795630000001"
"13.6","28.27660912","-1.0626795630000001"
"13.6","28.27660912","-1.0626795630000001"
"13.6","28.27660912","-1.0626795630000001"
"13.6","28.27660912","-1.0626795630000001"
"13.6","28.27660912","-1.0626795630000001"
"13.6","28.27660912","-1.0626795630000001"
"13.6","28.27660912","-1.0626795630000001"
"13.6","28.27660912","-1.0626795630000001"
"13.6","28.27660912","-1.0626795630000001"
"13.6","28.27660912","-1.0626795630000001"
"13.6","28.27660912","-1.0626795630000001"
"13.6","28.27660912","-1.0626795630000001"
"13.6","28.27660912","-1.0626795630000001"
"13.6","28.27660912","-1.0626795630000001"
"13.6","28.27660912","-1.0626795630000001"
"13.6","28.27660912","-1.0626795630000001"
"13.6","28.27660912","-1.0626795630000001"
"13.6","28.27660912","-1.0626795630000001"
"13.6","28.27660912","-1.0626795630000001"
"13.6","28.27660912","-1.0626795630000001"
"13.6","28.27660912","-1.0626795630000001"
"13.6","28.27660912","-1.0626795630000001"
"13.6","28.27660912","-1.0626795630000001"
"13.6","28.27660912","-1.0626795630000001"
"13.6","28.27660912","-1.0626795630000001"
"13.6","28.27660912","-1.0626795630000001"
"13.6","28.27660912","-1.0626795630000001"
"13.6","28.27660912","-1.0626795630000001"
"13.6","28.27660912","-1.0626795630000001"
"13.6","28.27660912","-1.0626795630000001"
"13.6","28.27660912","-1.0626795630000001"
"13.6","28.27660912","-1.0626795630000001"
"13.6","28.27660912","-1.0626795630000001"
"13.6","28.27660912","-1.0626795630000001"
"13.6","28.27660912","-1.0626795630000001"
"13.6","28.27660912","-1.0626795630000001"
"13.6","28.27660912","-1.0626795630000001"
"13.6","28.27660912","-1.0626795630000001"
"13.6","28.27660912","-1.0626795630000001"
"13.6","28.27660912","-1.0626795630000001"
"13.6","28.27660912","-1.0626795630000001"
"13.6","28.27660912","-1.0626795630000001"
"13.6","28.27660912","-1.0626795630000001"
"13.6","28.27660912","-1.0626795630000001"
"13.6","28.27660912","-1.0626795630000001"
"13.6","28.27660912","-1.0626795630000001"
"13.6","28.27660912","-1.0626795630000001"
"13.6","28.27660912","-1.0626795630000001"
"13.6","28.27660912","-1.0626795630000001"
"13.6","28.27660912","-1.0626795630000001"
"13.6","28.27660912","-1.0626795630000001"
"13.6","28.27660912","-1.0626795630000001"
"13.6","28.27660912","-1.0626795630000001"
"13.6","28.27660912","-1.0626795630000001"
"13.6","28.27660912","-1.0626795630000001"
"13.6","28.27660912","-1.0626795630000001"
"13.6","28.27660912","-1.0626795630000001"
"13.6","28.27660912","-1.0626795630000001"
"13.6","28.27660912","-1.0626795630000001"
"13.6","28.27660912","-1.0626795630000001"
"13.6","28.27660912","-1.0626795630000001"
"13.6","28.27660912","-1.0626795630000001"
"13.6","28.27660912","-1.0626795630000001"
"13.6","28.27660912","-1.0626795630000001"
"13.6","28.27660912","-1.0626795630000001"
"13.6","28.27660912","-1.0626795630000001"
"13.6","28.27660912","-1.0626795630000001"
"13.6","28.27660912","-1.0626795630000001"
"13.6","28.27660912","-1.0626795630000001"
"13.6","28.27660912","-1.0626795630000001"
"13.6","28.27660912","-1.0626795630000001"
"13.6","28.27660912","-1.0626795630000001"
"13.6","28.27660912","-1.0626795630000001"
"13.6","28.27660912","-1.0626795630000001"
"13.6","28.27660912","-1.0626795630000001"
"13.6","28.27660912","-1.0626795630000001"
"13.6","28.27660912","-1.0626795630000001"
"13.6","28.27660912","-1.0626795630000001"
"13.6","28.27660912","-1.0626795630000001"
"13.6","28.27660912","-1.0626795630000001"
"13.6","28.27660912","-1.0626795630000001"
"13.6","28.27660912","-1.0626795630000001"
"13.6","28.27660912","-1.0626795630000001"
"13.6","28.27660912","-1.0626795630000001"
"13.6","28.27660912","-1.0626795630000001"
"13.6","28.27660912","-1.0626795630000001"
"13.6","28.27660912","-1.0626795630000001"
"13.6","28.27660912","-1.0626795630000001"
"13.6","28.27660912","-1.0626795630000001"
"13.6","28.27660912","-1.0626795630000001"
"13.6","28.27660912","-1.0626795630000001"
"13.6","28.27660912","-1.0626795630000001"
"13.6","28.27660912","-1.0626795630000001"
"13.6","28.27660912","-1.0626795630000001"
"13.6","28.27660912","-1.0626795630000001"
"13.6","28.27660912","-1.0626795630000001"
"13.6","28.27660912","-1.0626795630000001"
"13.6","28.27660912","-1.0626795630000001"
"13.6","28.27660912","-1.0626795630000001"
"13.6","28.27660912","-1.0626795630000001"
"13.6","28.27660912","-1.0626795630000001"
"13.6","28.27660912","-1.0626795630000001"
"13.6","28.27660912","-1.0626795630000001"
"13.6","28.27660912","-1.0626795630000001"
"13.6","28.27660912","-1.0626795630000001"
"13.6","28.27660912","-1.0626795630000001"
"13.6","28.27660912","-1.0626795630000001"
"13.6","28.27660912","-1.0626795630000001"
"13.6","28.27660912","-1.0626795630000001"
"13.6","28.27660912","-1.0626795630000001"
"13.6","28.27660912","-1.0626795630000001"
"13.6","28.27660912","-1.0626795630000001"
"13.6","28.27660912","-1.0626795630000001"
"13.6","28.27660912","-1.0626795630000001"
"13.6","28.27660912","-1.0626795630000001"
"13.6","28.27660912","-1.0626795630000001"
"13.6","28.27660912","-1.0626795630000001"
"13.6","28.27660912","-1.0626795630000001"
"13.6","28.27660912","-1.0626795630000001"
"13.6","28.27660912","-1.0626795630000001"
"13.6","28.27660912","-1.0626795630000001"
"13.6","28.27660912","-1.0626795630000001"
"13.6","28.27660912","-1.0626795630000001"
"13.6","28.27660912","-1.0626795630000001"
"13.6","28.27660912","-1.0626795630000001"
"13.6","28.27660912","-1.0626795630000001"
"13.6","28.27660912","-1.0626795630000001"
"13.6","28.27660912","-1.0626795630000001"
"13.6","28.27660912","-1.0626795630000001"
"13.6","28.27660912","-1.0626795630000001"
"13.6","28.27660912","-1.0626795630000001"
"13.6","28.27660912","-1.0626795630000001"
"13.6","28.27660912","-1.0626795630000001"
"13.6","28.27660912","-1.0626795630000001"
"13.6","28.27660912","-1.0626795630000001"
"13.6","28.27660912","-1.0626795630000001"
"13.6","28.27660912","-1.0626795630000001"
"13.6","28.27660912","-1.0626795630000001"
"13.6","28.27660912","-1.0626795630000001"
"13.6","28.27660912","-1.0626795630000001"
"13.6","28.27660912","-1.0626795630000001"
"13.6","28.27660912","-1.0626795630000001"
"13.6","28.27660912","-1.0626795630000001"
"13.6","28.27660912","-1.0626795630000001"
"13.6","28.27660912","-1.0626795630000001"
"13.6","28.27660912","-1.0626795630000001"
"13.6","28.27660912","-1.0626795630000001"
"13.6","28.27660912","-1.0626795630000001"
"13.6","28.27660912","-1.0626795630000001"
"13.6","28.27660912","-1.0626795630000001"
"13.6","28.27660912","-1.0626795630000001"
"13.6","28.27660912","-1.0626795630000001"
"13.6","28.27660912","-1.0626795630000001"
"13.6","28.27660912","-1.0626795630000001"
"13.6","28.27660912","-1.0626795630000001"
"13.6","28.27660912","-1.0626795630000001"
"13.6","28.27660912","-1.0626795630000001"
"13.6","28.27660912","-1.0626795630000001"
"13.6","28.27660912","-1.0626795630000001"
"13.6","28.27660912","-1.0626795630000001"
"13.6","28.27660912","-1.0626795630000001"
"13.6","28.27660912","-1.0626795630000001"
"13.6","28.27660912","-1.0626795630000001"
"13.6","28.27660912","-1.0626795630000001"
"13.6","28.27660912","-1.0626795630000001"
"13.6","28.27660912","-1.0626795630000001"
"13.6","28.27660912","-1.0626795630000001"
"13.699999999999999","28.27660912","-1.0626795630000001"
"13.699999999999999","28.27660912","-1.0626795630000001"
"13.699999999999999","28.27660912","-1.0626795630000001"
"13.699999999999999","28.27660912","-1.0626795630000001"
"13.699999999999999","28.27660912","-1.0626795630000001"
"13.699999999999999","28.27660912","-1.0626795630000001"
"13.699999999999999","28.27660912","-1.0626795630000001"
"13.699999999999999","28.27660912","-1.0626795630000001"
"13.699999999999999","28.27660912","-1.0626795630000001"
"13.699999999999999","28.27660912","-1.0626795630000001"
"13.699999999999999","28.27660912","-1.0626795630000001"
"13.699999999999999","28.27660912","-1.0626795630000001"
"13.699999999999999","28.27660912","-1.0626795630000001"
"13.699999999999999","28.27660912","-1.0626795630000001"
"13.699999999999999","28.27660912","-1.0626795630000001"
"13.699999999999999","28.27660912","-1.0626795630000001"
"13.699999999999999","28.27660912","-1.0626795630000001"
"13.699999999999999","28.27660912","-1.0626795630000001"
"13.699999999999999","28.27660912","-1.0626795630000001"
"13.699999999999999","28.27660912","-1.0626795630000001"
"13.699999999999999","28.27660912","-1.0626795630000001"
"13.699999999999999","28.27660912","-1.0626795630000001"
"13.699999999999999","28.27660912","-1.0626795630000001"
"13.699999999999999","28.27660912","-1.0626795630000001"
"13.699999999999999","28.27660912","-1.0626795630000001"
"13.699999999999999","28.27660912","-1.0626795630000001"
"13.699999999999999","28.27660912","-1.0626795630000001"
"13.699999999999999","28.27660912","-1.0626795630000001"
"13.699999999999999","28.27660912","-1.0626795630000001"
"13.699999999999999","28.27660912","-1.0626795630000001"
"13.699999999999999","28.27660912","-1.0626795630000001"
"13.699999999999999","28.27660912","-1.0626795630000001"
"13.699999999999999","28.27660912","-1.0626795630000001"
"13.699999999999999","28.27660912","-1.0626795630000001"
"13.699999999999999","28.27660912","-1.0626795630000001"
"13.699999999999999","28.27660912","-1.0626795630000001"
"13.699999999999999","28.27660912","-1.0626795630000001"
"13.699999999999999","28.27660912","-1.0626795630000001"
"13.699999999999999","28.27660912","-1.0626795630000001"
"13.699999999999999","28.27660912","-1.0626795630000001"
"13.699999999999999","28.27660912","-1.0626795630000001"
"13.699999999999999","28.27660912","-1.0626795630000001"
"13.699999999999999","28.27660912","-1.0626795630000001"
"13.699999999999999","28.27660912","-1.0626795630000001"
"13.699999999999999","28.27660912","-1.0626795630000001"
"13.699999999999999","28.27660912","-1.0626795630000001"
"13.699999999999999","28.27660912","-1.0626795630000001"
"13.699999999999999","28.27660912","-1.0626795630000001"
"13.699999999999999","28.27660912","-1.0626795630000001"
"13.699999999999999","28.27660912","-1.0626795630000001"
"13.699999999999999","28.27660912","-1.0626795630000001"
"13.699999999999999","28.27660912","-1.0626795630000001"
"13.699999999999999","28.27660912","-1.0626795630000001"
"13.699999999999999","28.27660912","-1.0626795630000001"
"13.699999999999999","28.27660912","-1.0626795630000001"
"13.699999999999999","28.27660912","-1.0626795630000001"
"13.699999999999999","28.27660912","-1.0626795630000001"
"13.699999999999999","28.27660912","-1.0626795630000001"
"13.699999999999999","28.27660912","-1.0626795630000001"
"13.699999999999999","28.27660912","-1.0626795630000001"
"13.699999999999999","28.27660912","-1.0626795630000001"
"13.699999999999999","28.27660912","-1.0626795630000001"
"13.699999999999999","28.27660912","-1.0626795630000001"
"13.699999999999999","28.27660912","-1.0626795630000001"
"13.699999999999999","28.27660912","-1.0626795630000001"
"13.699999999999999","28.27660912","-1.0626795630000001"
"13.699999999999999","28.27660912","-1.0626795630000001"
"13.699999999999999","28.27660912","-1.0626795630000001"
"13.699999999999999","28.27660912","-1.0626795630000001"
"13.699999999999999","28.27660912","-1.0626795630000001"
"13.699999999999999","28.27660912","-1.0626795630000001"
"13.699999999999999","28.27660912","-1.0626795630000001"
"13.699999999999999","28.27660912","-1.0626795630000001"
"13.699999999999999","28.27660912","-1.0626795630000001"
"13.699999999999999","28.27660912","-1.0626795630000001"
"13.699999999999999","28.27660912","-1.0626795630000001"
"13.699999999999999","28.27660912","-1.0626795630000001"
"13.699999999999999","28.27660912","-1.0626795630000001"
"13.699999999999999","28.27660912","-1.0626795630000001"
"13.699999999999999","28.27660912","-1.0626795630000001"
"13.699999999999999","28.27660912","-1.0626795630000001"
"13.699999999999999","28.27660912","-1.0626795630000001"
"13.699999999999999","28.27660912","-1.0626795630000001"
"13.699999999999999","28.27660912","-1.0626795630000001"
"13.699999999999999","28.27660912","-1.0626795630000001"
"13.699999999999999","28.27660912","-1.0626795630000001"
"13.699999999999999","28.27660912","-1.0626795630000001"
"13.699999999999999","28.27660912","-1.0626795630000001"
"13.699999999999999","28.27660912","-1.0626795630000001"
"13.699999999999999","28.27660912","-1.0626795630000001"
"13.699999999999999","28.27660912","-1.0626795630000001"
"13.699999999999999","28.27660912","-1.0626795630000001"
"13.699999999999999","28.27660912","-1.0626795630000001"
"13.699999999999999","28.27660912","-1.0626795630000001"
"13.699999999999999","28.27660912","-1.0626795630000001"
"13.699999999999999","28.27660912","-1.0626795630000001"
"13.699999999999999","28.27660912","-1.0626795630000001"
"13.699999999999999","28.27660912","-1.0626795630000001"
"13.699999999999999","28.27660912","-1.0626795630000001"
"13.699999999999999","28.27660912","-1.0626795630000001"
"13.699999999999999","28.27660912","-1.0626795630000001"
"13.699999999999999","28.27660912","-1.0626795630000001"
"13.699999999999999","28.27660912","-1.0626795630000001"
"13.699999999999999","28.27660912","-1.0626795630000001"
"13.699999999999999","28.27660912","-1.0626795630000001"
"13.699999999999999","28.27660912","-1.0626795630000001"
"13.699999999999999","28.27660912","-1.0626795630000001"
"13.699999999999999","28.27660912","-1.0626795630000001"
"13.699999999999999","28.27660912","-1.0626795630000001"
"13.699999999999999","28.27660912","-1.0626795630000001"
"13.699999999999999","28.27660912","-1.0626795630000001"
"13.699999999999999","28.27660912","-1.0626795630000001"
"13.699999999999999","28.27660912","-1.0626795630000001"
"13.699999999999999","28.27660912","-1.0626795630000001"
"13.699999999999999","28.27660912","-1.0626795630000001"
"13.699999999999999","28.27660912","-1.0626795630000001"
"13.699999999999999","28.27660912","-1.0626795630000001"
"13.699999999999999","28.27660912","-1.0626795630000001"
"13.699999999999999","28.27660912","-1.0626795630000001"
"13.699999999999999","28.27660912","-1.0626795630000001"
"13.699999999999999","28.27660912","-1.0626795630000001"
"13.699999999999999","28.27660912","-1.0626795630000001"
"13.699999999999999","28.27660912","-1.0626795630000001"
"13.699999999999999","28.27660912","-1.0626795630000001"
"13.699999999999999","28.27660912","-1.0626795630000001"
"13.699999999999999","28.27660912","-1.0626795630000001"
"13.699999999999999","28.27660912","-1.0626795630000001"
"13.699999999999999","28.27660912","-1.0626795630000001"
"13.699999999999999","28.27660912","-1.0626795630000001"
"13.699999999999999","28.27660912","-1.0626795630000001"
"13.699999999999999","28.27660912","-1.0626795630000001"
"13.699999999999999","28.27660912","-1.0626795630000001"
"13.699999999999999","28.27660912","-1.0626795630000001"
"13.699999999999999","28.27660912","-1.0626795630000001"
"13.699999999999999","28.27660912","-1.0626795630000001"
"13.699999999999999","28.27660912","-1.0626795630000001"
"13.699999999999999","28.27660912","-1.0626795630000001"
"13.699999999999999","28.27660912","-1.0626795630000001"
"13.699999999999999","28.27660912","-1.0626795630000001"
"13.699999999999999","28.27660912","-1.0626795630000001"
"13.699999999999999","28.27660912","-1.0626795630000001"
"13.699999999999999","28.27660912","-1.0626795630000001"
"13.699999999999999","28.27660912","-1.0626795630000001"
"13.699999999999999","28.27660912","-1.0626795630000001"
"13.699999999999999","28.27660912","-1.0626795630000001"
"13.699999999999999","28.27660912","-1.0626795630000001"
"13.699999999999999","28.27660912","-1.0626795630000001"
"13.699999999999999","28.27660912","-1.0626795630000001"
"13.699999999999999","28.27660912","-1.0626795630000001"
"13.699999999999999","28.27660912","-1.0626795630000001"
"13.699999999999999","28.27660912","-1.0626795630000001"
"13.699999999999999","28.27660912","-1.0626795630000001"
"13.699999999999999","28.27660912","-1.0626795630000001"
"13.699999999999999","28.27660912","-1.0626795630000001"
"13.699999999999999","28.27660912","-1.0626795630000001"
"13.699999999999999","28.27660912","-1.0626795630000001"
"13.699999999999999","28.27660912","-1.0626795630000001"
"13.699999999999999","28.27660912","-1.0626795630000001"
"13.699999999999999","28.27660912","-1.0626795630000001"
"13.699999999999999","28.27660912","-1.0626795630000001"
"13.699999999999999","28.27660912","-1.0626795630000001"
"13.699999999999999","28.27660912","-1.0626795630000001"
"13.699999999999999","28.27660912","-1.0626795630000001"
"13.699999999999999","28.27660912","-1.0626795630000001"
"13.699999999999999","28.27660912","-1.0626795630000001"
"13.699999999999999","28.27660912","-1.0626795630000001"
"13.699999999999999","28.27660912","-1.0626795630000001"
"13.699999999999999","28.27660912","-1.0626795630000001"
"13.699999999999999","28.27660912","-1.0626795630000001"
"13.699999999999999","28.27660912","-1.0626795630000001"
"13.699999999999999","28.27660912","-1.0626795630000001"
"13.699999999999999","28.27660912","-1.0626795630000001"
"13.699999999999999","28.27660912","-1.0626795630000001"
"13.699999999999999","28.27660912","-1.0626795630000001"
"13.699999999999999","28.27660912","-1.0626795630000001"
"13.699999999999999","28.27660912","-1.0626795630000001"
"13.699999999999999","28.27660912","-1.0626795630000001"
"13.699999999999999","28.27660912","-1.0626795630000001"
"13.699999999999999","28.27660912","-1.0626795630000001"
"13.699999999999999","28.27660912","-1.0626795630000001"
"13.699999999999999","28.27660912","-1.0626795630000001"
"13.699999999999999","28.27660912","-1.0626795630000001"
"13.699999999999999","28.27660912","-1.0626795630000001"
"13.699999999999999","28.27660912","-1.0626795630000001"
"13.699999999999999","28.27660912","-1.0626795630000001"
"13.699999999999999","28.27660912","-1.0626795630000001"
"13.699999999999999","28.27660912","-1.0626795630000001"
"13.699999999999999","28.27660912","-1.0626795630000001"
"13.699999999999999","28.27660912","-1.0626795630000001"
"13.699999999999999","28.27660912","-1.0626795630000001"
"13.699999999999999","28.27660912","-1.0626795630000001"
"13.699999999999999","28.27660912","-1.0626795630000001"
"13.699999999999999","28.27660912","-1.0626795630000001"
"13.699999999999999","28.27660912","-1.0626795630000001"
"13.699999999999999","28.27660912","-1.0626795630000001"
"13.699999999999999","28.27660912","-1.0626795630000001"
"13.699999999999999","28.27660912","-1.0626795630000001"
"13.699999999999999","28.27660912","-1.0626795630000001"
"13.699999999999999","28.27660912","-1.0626795630000001"
"13.699999999999999","28.27660912","-1.0626795630000001"
"13.699999999999999","28.27660912","-1.0626795630000001"
"13.699999999999999","28.27660912","-1.0626795630000001"
"13.699999999999999","28.27660912","-1.0626795630000001"
"13.699999999999999","28.27660912","-1.0626795630000001"
"13.699999999999999","28.27660912","-1.0626795630000001"
"13.699999999999999","28.27660912","-1.0626795630000001"
"13.699999999999999","28.27660912","-1.0626795630000001"
"13.699999999999999","28.27660912","-1.0626795630000001"
"13.699999999999999","28.27660912","-1.0626795630000001"
"13.699999999999999","28.27660912","-1.0626795630000001"
"13.699999999999999","28.27660912","-1.0626795630000001"
"13.699999999999999","28.27660912","-1.0626795630000001"
"13.699999999999999","28.27660912","-1.0626795630000001"
"13.699999999999999","28.27660912","-1.0626795630000001"
"13.699999999999999","28.27660912","-1.0626795630000001"
"13.699999999999999","28.27660912","-1.0626795630000001"
"13.699999999999999","28.27660912","-1.0626795630000001"
"13.699999999999999","28.27660912","-1.0626795630000001"
"13.699999999999999","28.27660912","-1.0626795630000001"
"13.699999999999999","28.27660912","-1.0626795630000001"
"13.699999999999999","28.27660912","-1.0626795630000001"
"13.699999999999999","28.27660912","-1.0626795630000001"
"13.699999999999999","28.27660912","-1.0626795630000001"
"13.699999999999999","28.27660912","-1.0626795630000001"
"13.699999999999999","28.27660912","-1.0626795630000001"
"13.699999999999999","28.27660912","-1.0626795630000001"
"13.699999999999999","28.27660912","-1.0626795630000001"
"13.699999999999999","28.27660912","-1.0626795630000001"
"13.699999999999999","28.27660912","-1.0626795630000001"
"13.699999999999999","28.27660912","-1.0626795630000001"
"13.699999999999999","28.27660912","-1.0626795630000001"
"13.699999999999999","28.27660912","-1.0626795630000001"
"13.699999999999999","28.27660912","-1.0626795630000001"
"13.699999999999999","28.27660912","-1.0626795630000001"
"13.699999999999999","28.27660912","-1.0626795630000001"
"13.699999999999999","28.27660912","-1.0626795630000001"
"13.699999999999999","28.27660912","-1.0626795630000001"
"13.699999999999999","28.27660912","-1.0626795630000001"
"13.699999999999999","28.27660912","-1.0626795630000001"
"13.699999999999999","28.27660912","-1.0626795630000001"
"13.699999999999999","28.27660912","-1.0626795630000001"
"13.699999999999999","28.27660912","-1.0626795630000001"
"13.699999999999999","28.27660912","-1.0626795630000001"
"13.699999999999999","28.27660912","-1.0626795630000001"
"13.699999999999999","28.27660912","-1.0626795630000001"
"13.699999999999999","28.27660912","-1.0626795630000001"
"13.699999999999999","28.27660912","-1.0626795630000001"
"13.699999999999999","28.27660912","-1.0626795630000001"
"13.699999999999999","28.27660912","-1.0626795630000001"
"13.699999999999999","28.27660912","-1.0626795630000001"
"13.699999999999999","28.27660912","-1.0626795630000001"
"13.699999999999999","28.27660912","-1.0626795630000001"
"13.699999999999999","28.27660912","-1.0626795630000001"
"13.699999999999999","28.27660912","-1.0626795630000001"
"13.699999999999999","28.27660912","-1.0626795630000001"
"13.699999999999999","28.27660912","-1.0626795630000001"
"13.699999999999999","28.27660912","-1.0626795630000001"
"13.699999999999999","28.27660912","-1.0626795630000001"
"13.699999999999999","28.27660912","-1.0626795630000001"
"13.699999999999999","28.27660912","-1.0626795630000001"
"13.699999999999999","28.27660912","-1.0626795630000001"
"13.699999999999999","28.27660912","-1.0626795630000001"
"13.699999999999999","28.27660912","-1.0626795630000001"
"13.699999999999999","28.27660912","-1.0626795630000001"
"13.699999999999999","28.27660912","-1.0626795630000001"
"13.699999999999999","28.27660912","-1.0626795630000001"
"13.699999999999999","28.27660912","-1.0626795630000001"
"13.699999999999999","28.27660912","-1.0626795630000001"
"13.699999999999999","28.27660912","-1.0626795630000001"
"13.699999999999999","28.27660912","-1.0626795630000001"
"13.699999999999999","28.27660912","-1.0626795630000001"
"13.699999999999999","28.27660912","-1.0626795630000001"
"13.699999999999999","28.27660912","-1.0626795630000001"
"13.699999999999999","28.27660912","-1.0626795630000001"
"13.699999999999999","28.27660912","-1.0626795630000001"
"13.699999999999999","28.27660912","-1.0626795630000001"
"13.699999999999999","28.27660912","-1.0626795630000001"
"13.699999999999999","28.27660912","-1.0626795630000001"
"13.699999999999999","28.27660912","-1.0626795630000001"
"13.699999999999999","28.27660912","-1.0626795630000001"
"13.699999999999999","28.27660912","-1.0626795630000001"
"13.699999999999999","28.27660912","-1.0626795630000001"
"13.699999999999999","28.27660912","-1.0626795630000001"
"13.699999999999999","28.27660912","-1.0626795630000001"
"13.699999999999999","28.27660912","-1.0626795630000001"
"13.699999999999999","28.27660912","-1.0626795630000001"
"13.699999999999999","28.27660912","-1.0626795630000001"
"13.699999999999999","28.27660912","-1.0626795630000001"
"13.699999999999999","28.27660912","-1.0626795630000001"
"13.699999999999999","28.27660912","-1.0626795630000001"
"13.699999999999999","28.27660912","-1.0626795630000001"
"13.699999999999999","28.27660912","-1.0626795630000001"
"13.699999999999999","28.27660912","-1.0626795630000001"
"13.699999999999999","28.27660912","-1.0626795630000001"
"13.699999999999999","28.27660912","-1.0626795630000001"
"13.699999999999999","28.27660912","-1.0626795630000001"
"13.699999999999999","28.27660912","-1.0626795630000001"
"13.699999999999999","28.27660912","-1.0626795630000001"
"13.699999999999999","28.27660912","-1.0626795630000001"
"13.699999999999999","28.27660912","-1.0626795630000001"
"13.699999999999999","28.27660912","-1.0626795630000001"
"13.699999999999999","28.27660912","-1.0626795630000001"
"13.699999999999999","28.27660912","-1.0626795630000001"
"13.699999999999999","28.27660912","-1.0626795630000001"
"13.699999999999999","28.27660912","-1.0626795630000001"
"13.699999999999999","28.27660912","-1.0626795630000001"
"13.699999999999999","28.27660912","-1.0626795630000001"
"13.699999999999999","28.27660912","-1.0626795630000001"
"13.699999999999999","28.27660912","-1.0626795630000001"
"13.699999999999999","28.27660912","-1.0626795630000001"
"13.699999999999999","28.27660912","-1.0626795630000001"
"13.699999999999999","28.27660912","-1.0626795630000001"
"13.699999999999999","28.27660912","-1.0626795630000001"
"13.699999999999999","28.27660912","-1.0626795630000001"
"13.699999999999999","28.27660912","-1.0626795630000001"
"13.699999999999999","28.27660912","-1.0626795630000001"
"13.699999999999999","28.27660912","-1.0626795630000001"
"13.699999999999999","28.27660912","-1.0626795630000001"
"13.699999999999999","28.27660912","-1.0626795630000001"
"13.699999999999999","28.27660912","-1.0626795630000001"
"13.699999999999999","28.27660912","-1.0626795630000001"
"13.699999999999999","28.27660912","-1.0626795630000001"
"13.699999999999999","28.27660912","-1.0626795630000001"
"13.699999999999999","28.27660912","-1.0626795630000001"
"13.699999999999999","28.27660912","-1.0626795630000001"
"13.699999999999999","28.27660912","-1.0626795630000001"
"13.699999999999999","28.27660912","-1.0626795630000001"
"13.699999999999999","28.27660912","-1.0626795630000001"
"13.699999999999999","28.27660912","-1.0626795630000001"
"13.699999999999999","28.27660912","-1.0626795630000001"
"13.699999999999999","28.27660912","-1.0626795630000001"
"13.699999999999999","28.27660912","-1.0626795630000001"
"13.699999999999999","28.27660912","-1.0626795630000001"
"13.699999999999999","28.27660912","-1.0626795630000001"
"13.699999999999999","28.27660912","-1.0626795630000001"
"13.699999999999999","28.27660912","-1.0626795630000001"
"13.699999999999999","28.27660912","-1.0626795630000001"
"13.699999999999999","28.27660912","-1.0626795630000001"
"13.699999999999999","28.27660912","-1.0626795630000001"
"13.699999999999999","28.27660912","-1.0626795630000001"
"13.699999999999999","28.27660912","-1.0626795630000001"
"13.699999999999999","28.27660912","-1.0626795630000001"
"13.699999999999999","28.27660912","-1.0626795630000001"
"13.699999999999999","28.27660912","-1.0626795630000001"
"13.699999999999999","28.27660912","-1.0626795630000001"
"13.699999999999999","28.27660912","-1.0626795630000001"
"13.699999999999999","28.27660912","-1.0626795630000001"
"13.699999999999999","28.27660912","-1.0626795630000001"
"13.699999999999999","28.27660912","-1.0626795630000001"
"13.699999999999999","28.27660912","-1.0626795630000001"
"13.699999999999999","28.27660912","-1.0626795630000001"
"13.699999999999999","28.27660912","-1.0626795630000001"
"13.699999999999999","28.27660912","-1.0626795630000001"
"13.699999999999999","28.27660912","-1.0626795630000001"
"13.699999999999999","28.27660912","-1.0626795630000001"
"13.699999999999999","28.27660912","-1.0626795630000001"
"13.699999999999999","28.27660912","-1.0626795630000001"
"13.699999999999999","28.27660912","-1.0626795630000001"
"13.699999999999999","28.27660912","-1.0626795630000001"
"13.699999999999999","28.27660912","-1.0626795630000001"
"13.699999999999999","28.27660912","-1.0626795630000001"
"13.699999999999999","28.27660912","-1.0626795630000001"
"13.699999999999999","28.27660912","-1.0626795630000001"
"13.699999999999999","28.27660912","-1.0626795630000001"
"13.699999999999999","28.27660912","-1.0626795630000001"
