50,47,44,46,46,43,100,95,87,30.08,29.99,29.9,10,5,2,4,0,NaN,0.01,7,0,0,0,0
53,50,46,50,46,45,100,91,77,30.23,30.16,30.07,10,5,0,6,0,NaN,0.06,7,0,0,0,0
59,54,48,50,48,46,100,90,72,30.43,30.38,30.32,10,9,3,5,0,NaN,0,7,0,0,0,0
64,54,44,54,47,45,100,88,59,30.46,30.41,30.25,10,8,2,6,1,NaN,0,6,0,0,0,0
68,55,42,54,46,41,100,86,52,30.29,30.25,30.17,10,4,0,5,1,NaN,0,5,0,0,0,0
66,54,42,52,46,41,100,87,56,30.24,30.17,30.03,10,5,0,5,0,NaN,0,5,0,0,0,0
59,52,44,55,48,45,100,92,72,30.02,29.97,29.91,10,8,0,5,0,NaN,0,4,0,0,0,0
66,55,44,52,46,43,100,89,46,29.98,29.94,29.9,10,4,0,5,1,NaN,0,6,0,0,0,0
53,48,44,50,42,36,100,78,54,30,29.94,29.88,10,8,2,13,4,22,0.81,4,0,0,0,0
50,40,30,36,32,28,100,82,47,30.16,30.11,30.05,10,9,1,10,2,20,0,3,0,0,0,0
39,34,28,37,34,28,100,94,87,30.15,30.05,29.94,10,5,1,4,0,NaN,0.29,7,0,0,0,0
53,42,32,41,37,32,100,85,62,30.21,30.07,29.96,10,8,0,8,2,16,0.02,4,0,0,0,0
53,42,32,39,33,32,100,87,44,30.47,30.4,30.31,10,7,1,6,1,NaN,0,4,0,0,0,0
55,44,32,45,35,32,100,86,54,30.57,30.5,30.43,10,5,0,5,1,NaN,0,5,0,0,0,0
51,42,32,43,36,32,100,89,62,30.54,30.47,30.37,10,6,0,5,0,NaN,0,6,0,0,0,0
59,47,35,48,41,36,100,91,63,30.38,30.33,30.25,10,4,0,5,0,NaN,0,5,0,0,0,0
64,52,41,50,45,41,100,88,52,30.33,30.27,30.2,10,4,0,4,1,NaN,0,5,0,0,0,0
59,48,37,46,41,36,100,83,48,30.21,30.17,30.13,10,6,0,6,1,NaN,0,3,0,0,0,0
55,44,33,41,38,32,100,87,54,30.17,30.12,30.05,10,6,0,4,0,NaN,0,5,0,0,0,0
51,42,32,45,39,32,100,90,67,30.06,30,29.94,10,6,0,8,1,NaN,0.01,8,0,0,0,0
44,40,37,39,31,27,93,70,49,29.91,29.85,29.75,10,10,10,12,5,17,0,2,0,0,0,0
35,32,28,34,32,27,100,94,86,29.72,29.62,29.48,10,4,0,4,1,NaN,0.33,6,0,0,0,0
44,38,32,32,31,27,100,82,49,29.87,29.73,29.53,10,8,0,16,5,24,0,6,0,0,0,0
42,37,32,36,33,32,100,81,66,30.09,30,29.92,10,10,7,14,7,23,0.01,6,0,0,0,0
39,32,23,36,23,12,93,68,41,30.05,29.91,29.81,10,9,2,17,8,29,0.1,2,0,0,0,0
39,28,17,27,20,16,100,77,45,30.2,30.14,30.09,10,10,7,6,1,NaN,0,1,0,0,0,0
48,34,19,32,24,18,100,79,43,30.31,30.25,30.2,10,10,5,5,0,NaN,0,0,0,0,0,0
41,32,23,34,28,21,100,89,65,30.29,30.19,30.03,10,8,1,6,0,NaN,0.11,2,0,0,0,0
35,34,32,32,32,30,100,96,81,29.97,29.84,29.78,10,4,0,13,1,20,0.53,6,0,0,0,0
41,31,21,32,26,19,100,85,61,30.21,30.08,29.94,10,10,3,6,2,NaN,0,1,0,0,0,0
41,34,26,32,28,25,100,86,61,30.43,30.38,30.3,10,10,7,6,2,NaN,0,5,0,0,0,0
41,36,30,36,32,28,100,88,70,30.42,30.38,30.3,10,7,2,5,0,NaN,0,8,0,0,0,0
39,36,33,37,35,32,100,95,87,30.3,30.23,30.13,10,3,0,4,0,NaN,0.15,7,0,0,0,0
41,38,35,39,36,34,100,95,87,30.1,30.05,30.01,10,4,1,6,0,NaN,0.6,6,0,0,0,0
41,37,33,39,36,32,100,93,87,30.1,30.04,29.98,10,8,1,5,0,NaN,0.03,8,0,0,0,0
50,44,37,45,39,37,100,88,66,30.03,29.99,29.96,10,6,0,15,2,20,0.02,8,0,0,0,0
46,44,41,45,43,39,100,92,81,30.06,29.94,29.81,10,8,2,10,2,16,0.33,7,0,0,0,0
50,46,41,46,44,41,100,94,82,30.28,30.13,29.88,10,6,1,6,1,NaN,0.21,7,0,0,0,0
55,48,41,43,40,39,100,81,54,30.28,30.21,30.13,10,10,7,7,3,NaN,0,1,0,0,0,0
48,45,42,46,44,39,100,94,76,30.15,30.11,30.09,10,5,1,7,2,NaN,0.51,7,0,0,0,0
50,47,44,46,45,43,100,95,82,30.21,30.15,30.11,10,6,1,4,0,NaN,0.14,7,0,0,0,0
51,48,44,46,45,43,100,84,76,30.23,30.16,30.08,10,9,1,12,4,17,0.02,6,0,0,0,0
51,48,44,50,46,43,100,97,87,30.34,30.3,30.26,10,5,0,4,0,NaN,0.07,8,0,0,0,0
53,48,44,48,45,41,100,93,82,30.34,30.28,30.2,10,7,0,6,1,NaN,0,7,0,0,0,0
53,50,46,50,48,46,100,94,82,30.19,30.08,29.95,10,6,0,4,0,NaN,0,8,0,0,0,0
50,46,39,48,40,32,100,81,57,29.9,29.86,29.77,10,9,2,14,5,24,0.33,5,0,0,0,0
42,37,32,32,32,28,100,86,57,30.04,29.98,29.95,10,10,2,6,1,NaN,0,5,0,0,0,0
44,35,26,32,29,27,100,82,53,30,29.95,29.88,10,10,5,5,1,NaN,0,4,0,0,0,0
39,32,24,36,30,25,100,90,61,29.91,29.79,29.55,10,7,0,6,1,NaN,0.16,7,0,0,0,0
44,38,33,39,37,32,100,91,71,29.72,29.64,29.51,10,7,2,8,2,NaN,0.18,7,0,0,0,0
41,38,33,39,36,32,100,96,87,29.59,29.47,29.36,10,5,0,10,2,20,0.36,6,0,0,0,0
41,36,32,39,34,32,100,97,87,29.65,29.61,29.55,10,4,0,4,0,NaN,0.38,7,0,0,0,0
41,39,37,39,37,36,100,93,87,29.76,29.72,29.68,10,6,3,8,3,NaN,0.16,6,0,0,0,0
46,39,32,39,38,32,100,91,71,29.98,29.79,29.69,10,8,1,7,3,NaN,0.06,6,0,0,0,0
48,40,32,37,34,30,100,84,58,30.2,30.13,30.02,10,9,2,6,1,NaN,0,5,0,0,0,0
48,44,39,36,35,32,87,70,58,30.14,30.08,29.97,10,10,10,13,3,21,0,1,0,0,0,0
46,42,37,41,37,32,100,82,61,29.93,29.78,29.68,10,8,1,10,5,18,0.43,5,0,0,0,0
39,36,32,36,35,32,100,93,81,30.25,30.06,29.87,10,8,1,9,2,NaN,0.51,6,0,0,0,0
41,36,32,39,36,32,100,94,87,30.34,30.29,30.23,10,6,0,4,0,NaN,0.03,8,0,0,0,0
39,36,32,39,36,32,100,96,93,30.19,29.93,29.54,10,4,1,6,1,NaN,1.59,6,0,0,0,0
37,34,32,36,29,23,100,80,65,29.86,29.67,29.51,10,8,0,15,8,30,0.05,4,0,0,0,0
41,32,24,32,26,23,100,80,53,29.93,29.89,29.86,10,10,5,8,3,NaN,0,4,0,0,0,0
37,32,26,28,25,19,100,76,48,30.04,29.99,29.95,10,8,1,6,1,NaN,0,5,0,0,0,0
35,32,30,32,29,27,100,87,75,30.1,30.06,30.02,10,9,1,8,4,NaN,0.08,8,0,0,0,0
44,38,32,37,33,32,100,91,76,30.06,30.02,29.98,10,10,10,7,1,NaN,0,6,0,0,0,0
41,37,33,36,33,32,100,90,75,30.19,30.1,30.02,10,8,0,7,2,NaN,0,7,0,0,0,0
37,34,32,32,31,28,100,93,81,30.32,30.26,30.2,10,9,4,6,1,NaN,0,8,0,0,0,0
41,34,28,32,30,28,100,89,70,30.39,30.34,30.31,10,8,0,5,1,NaN,0,5,0,0,0,0
39,34,28,32,30,28,100,95,75,30.35,30.28,30.19,10,4,0,4,0,NaN,0,6,0,0,0,0
37,32,28,32,30,28,100,95,81,30.18,30.12,30.07,10,4,0,4,0,NaN,0,6,0,0,0,0
50,39,28,36,30,27,100,82,40,30.09,30.02,29.95,10,7,0,17,1,22,0,4,0,0,0,0
41,32,23,28,24,19,100,83,45,30.17,30.09,30.05,10,9,0,5,0,NaN,0,3,0,0,0,0
41,30,19,25,20,16,100,79,42,30.25,30.19,30.12,10,9,2,4,0,NaN,0,2,0,0,0,0
37,32,28,36,30,25,100,89,80,30.22,30.17,30.12,10,6,2,8,1,NaN,0.13,5,0,0,0,0
41,36,32,39,35,32,100,95,87,30.37,30.33,30.24,10,6,1,4,0,NaN,0.05,8,0,0,0,0
46,42,37,45,40,37,100,97,87,30.34,30.3,30.23,10,4,0,5,0,NaN,0.54,7,0,0,0,0
48,44,41,45,41,39,100,94,81,30.51,30.45,30.42,10,6,1,6,1,NaN,0,8,0,0,0,0
46,42,39,45,41,39,100,96,87,30.46,30.36,30.25,10,6,1,6,1,NaN,0,7,0,0,0,0
53,48,42,50,46,43,100,97,88,30.31,30.26,30.24,10,3,0,9,0,17,0.03,7,0,0,0,0
59,48,37,48,42,37,100,86,51,30.32,30.26,30.2,10,6,0,10,1,NaN,0,3,0,0,0,0
59,48,37,43,39,34,100,82,44,30.3,30.22,30.09,10,7,0,9,1,NaN,0,5,0,0,0,0
59,46,32,39,35,28,100,72,31,30.28,30.17,30.07,10,9,5,8,4,16,0,1,0,0,0,0
57,42,26,37,31,25,100,79,38,30.34,30.28,30.21,10,9,4,5,1,NaN,0,0,0,0,0,0
59,44,28,43,34,28,100,88,48,30.28,30.23,30.13,10,5,0,5,1,NaN,0,3,0,0,0,0
62,47,32,45,36,32,100,84,45,30.22,30.19,30.14,10,5,0,6,1,NaN,0,4,0,0,0,0
51,38,26,37,30,27,100,86,41,30.28,30.24,30.19,10,9,5,4,1,NaN,0,1,0,0,0,0
59,44,28,39,34,28,100,85,47,30.29,30.24,30.17,10,7,0,6,1,NaN,0,1,0,0,0,0
53,40,28,41,34,28,100,88,51,30.3,30.25,30.2,10,5,0,5,1,NaN,0,3,0,0,0,0
62,44,26,41,32,27,100,80,34,30.32,30.26,30.21,10,6,0,5,1,NaN,0,3,0,0,0,0
62,45,28,39,32,27,100,77,34,30.35,30.28,30.2,10,9,4,5,0,NaN,0,0,0,0,0,0
60,44,28,39,32,28,100,81,36,30.2,30.12,30.02,10,7,0,5,1,NaN,0,2,0,0,0,0
53,40,28,37,33,28,100,86,54,30.07,30,29.92,10,6,0,6,1,NaN,0.18,4,0,0,0,0
48,40,32,39,36,32,100,89,62,30.22,30.06,29.91,10,9,2,5,1,NaN,0.04,5,0,0,0,0
48,40,32,39,34,30,100,91,66,30.3,30.27,30.24,10,6,0,4,1,NaN,0,2,0,0,0,0
55,44,32,39,34,30,100,84,38,30.35,30.3,30.25,10,5,0,5,1,NaN,0,5,0,0,0,0
57,40,23,34,24,10,100,72,16,30.47,30.41,30.36,10,8,5,4,1,NaN,0,0,0,0,0,0
57,40,24,36,28,23,100,73,29,30.57,30.51,30.46,10,8,3,4,0,NaN,0,0,0,0,0,0
59,44,28,39,32,27,100,79,42,30.57,30.49,30.38,10,7,1,5,0,NaN,0,0,0,0,0,0
64,47,30,45,36,28,100,81,40,30.47,30.41,30.33,10,7,0,5,1,NaN,0,2,0,0,0,0
64,48,32,45,37,32,100,81,42,30.42,30.38,30.33,10,6,0,5,1,NaN,0,3,0,0,0,0
60,45,30,37,29,9,100,72,14,30.37,30.26,30.11,10,7,0,13,2,21,0,3,0,0,0,0
50,36,23,25,21,18,93,62,28,30.26,30.22,30.15,10,10,5,7,2,NaN,0,0,0,0,0,0
57,40,24,28,20,14,86,52,20,30.32,30.27,30.22,10,10,5,8,2,NaN,0,0,0,0,0,0
62,42,23,32,23,18,93,64,19,30.29,30.24,30.15,10,10,7,4,0,NaN,0,0,0,0,0,0
59,42,26,37,30,25,100,72,33,30.32,30.26,30.21,10,9,5,5,0,NaN,0,0,0,0,0,0
62,44,26,36,30,25,100,72,32,30.29,30.23,30.14,10,8,1,5,1,NaN,0,1,0,0,0,0
59,42,26,32,27,21,100,69,23,30.2,30.09,29.92,10,8,0,8,2,NaN,0,1,0,0,0,0
44,40,35,41,35,23,100,85,43,29.99,29.92,29.81,10,5,1,8,2,NaN,0.44,4,0,0,0,0
42,40,39,41,39,37,100,93,87,29.9,29.8,29.65,10,5,1,5,1,NaN,1.13,5,0,0,0,0
37,34,32,36,31,27,100,88,70,29.73,29.64,29.56,10,8,0,17,4,25,0.12,6,0,0,0,0
35,34,32,32,31,28,100,95,87,29.81,29.73,29.65,10,4,0,7,1,NaN,0.27,5,0,0,0,0
41,36,30,34,31,27,100,88,57,29.9,29.83,29.69,10,8,0,6,0,NaN,0,7,0,0,0,0
42,37,32,32,30,25,100,81,49,29.83,29.65,29.51,10,8,2,10,3,NaN,0,7,0,0,0,0
44,37,30,32,28,23,100,76,43,30.07,30.01,29.93,10,8,2,10,2,NaN,0,6,0,0,0,0
44,36,28,34,29,27,93,82,53,30.03,29.97,29.94,10,9,2,7,1,NaN,0,5,0,0,0,0
46,36,26,30,27,25,100,75,46,30.1,30.07,30.03,10,10,5,13,2,18,0,4,0,0,0,0
44,34,23,27,24,21,100,72,42,30.11,30.06,30,10,10,7,14,3,23,0,3,0,0,0,0
37,34,32,32,30,27,100,81,70,30.03,29.98,29.91,10,8,2,15,9,26,0.01,5,0,0,0,0
35,34,32,32,27,21,100,81,60,29.88,29.74,29.69,10,8,0,13,4,23,0,7,0,0,0,0
41,29,17,27,19,16,93,69,36,29.89,29.84,29.8,10,10,8,9,1,NaN,0,2,0,0,0,0
53,37,21,30,25,19,100,73,38,30.02,29.96,29.91,10,10,9,8,1,NaN,0,2,0,0,0,0
42,38,33,37,33,28,100,84,61,30.13,30.1,30.06,10,9,5,7,1,NaN,0.01,7,0,0,0,0
53,44,35,36,32,27,100,69,38,30.14,30.05,29.89,10,10,7,12,2,18,0,6,0,0,0,0
48,42,37,45,39,36,100,92,76,30.05,29.93,29.86,10,7,2,10,3,17,0.55,6,0,0,0,0
48,42,35,41,37,32,100,85,57,30.25,30.16,30.06,10,8,0,8,1,NaN,0,7,0,0,0,0
55,45,35,39,35,32,93,72,41,30.3,30.26,30.21,10,10,10,12,2,18,0,5,0,0,0,0
48,44,41,46,43,41,100,97,87,30.27,30.2,30.08,10,5,1,4,0,NaN,0.4,7,0,0,0,0
53,47,41,46,41,32,100,83,58,30.02,29.92,29.83,10,9,1,13,2,21,0.08,7,0,0,0,0
46,42,37,37,31,27,93,65,50,30.09,29.95,29.84,10,10,8,15,9,26,0,5,0,0,0,0
51,44,37,45,40,37,100,91,76,30.26,30.18,30.1,10,8,2,6,1,NaN,0.11,7,0,0,0,0
60,50,39,45,40,37,100,79,48,30.29,30.24,30.18,10,9,2,6,1,NaN,0,5,0,0,0,0
50,44,39,45,39,34,100,85,62,30.15,30.08,30.02,10,8,2,14,3,28,0.13,5,0,0,0,0
53,42,32,36,30,18,100,71,24,30.19,30.13,30.05,10,9,0,10,2,17,0,4,0,0,0,0
46,39,32,41,36,32,100,89,76,30.16,30.12,30.07,10,8,2,5,0,NaN,0.11,6,0,0,0,0
48,42,35,45,41,36,100,95,76,30.2,30.08,29.97,10,4,1,9,1,17,0.8,6,0,0,0,0
53,42,32,41,35,32,100,83,44,30.27,30.23,30.18,10,6,0,8,1,NaN,0,5,0,0,0,0
50,46,41,46,42,41,100,93,82,30.18,30.04,29.95,10,5,1,8,1,17,1.2,7,0,0,0,0
44,40,35,37,34,30,93,82,57,30.19,30.07,29.94,10,9,3,14,6,26,0.1,6,0,0,0,0
41,36,32,36,33,30,100,90,75,30.2,30.15,30.05,10,8,1,7,1,NaN,0.01,6,0,0,0,0
41,38,35,37,35,32,100,92,81,29.96,29.84,29.8,10,6,2,9,2,NaN,0.38,5,0,0,0,0
39,36,32,36,33,32,100,96,81,29.8,29.73,29.62,10,5,0,5,0,NaN,0.29,6,0,0,0,0
48,40,33,41,35,32,100,89,62,29.56,29.39,29.23,10,6,2,10,4,22,1.02,5,0,0,0,0
48,42,35,36,33,27,100,78,43,29.85,29.69,29.55,10,10,6,14,3,29,0,5,0,0,0,0
46,38,30,36,32,27,100,83,46,30.03,29.97,29.9,10,10,5,10,2,NaN,0.03,7,0,0,0,0
44,40,35,39,36,34,100,90,76,29.87,29.73,29.64,10,7,2,10,5,NaN,0.32,5,0,0,0,0
41,36,32,37,34,28,100,89,65,29.62,29.54,29.47,10,7,1,13,2,20,0.47,5,0,0,0,0
46,39,32,37,34,32,100,86,66,29.83,29.77,29.67,10,8,2,13,2,21,0.1,5,0,0,0,0
46,40,35,37,35,32,100,85,61,29.8,29.73,29.68,10,7,2,15,3,23,0.45,4,0,0,0,0
46,40,35,41,36,32,100,87,66,29.93,29.88,29.85,10,8,3,13,1,23,0.07,6,0,0,0,0
53,42,32,36,31,19,100,68,26,30.2,30.12,30.01,10,10,0,10,4,16,0,4,0,0,0,0
53,45,37,45,38,34,93,75,54,30.26,30.21,30.15,10,10,0,17,3,25,0,8,0,0,0,0
71,55,39,46,42,37,93,73,33,30.4,30.34,30.27,10,10,10,7,1,NaN,0,4,0,0,0,0
75,56,37,45,39,32,100,74,21,30.35,30.28,30.12,10,8,1,6,1,NaN,0,3,0,0,0,0
75,55,35,43,37,32,100,71,21,30.12,30,29.82,10,9,0,10,2,18,0,1,0,0,0,0
59,50,41,43,33,10,81,53,16,29.96,29.9,29.81,10,10,10,15,8,26,0,1,0,0,0,0
62,44,26,28,21,10,93,59,13,30.2,30.15,30.07,10,10,9,12,2,NaN,0,0,0,0,0,0
69,50,32,45,35,28,93,64,34,30.27,30.19,30.05,10,10,10,12,1,20,0,1,0,0,0,0
62,55,48,45,37,32,71,55,32,30.07,30.03,29.98,10,10,10,14,6,24,0,2,0,0,0,0
50,40,30,36,31,28,100,70,43,30.09,30.03,29.96,10,10,10,20,6,37,0,1,0,0,0,0
44,38,32,32,25,19,87,65,39,29.88,29.82,29.76,10,10,7,15,8,28,0.01,2,0,0,0,0
55,40,24,27,21,10,93,55,19,29.89,29.82,29.78,10,10,10,12,2,22,0,3,0,0,0,0
57,42,26,32,26,23,86,55,29,30.1,29.96,29.91,10,10,10,12,2,22,0,2,0,0,0,0
59,46,33,39,35,32,93,62,44,30.25,30.21,30.12,10,10,10,6,1,NaN,0,6,0,0,0,0
55,47,39,37,34,30,81,59,38,30.26,30.2,30.13,10,10,10,14,5,20,0,4,0,0,0,0
60,46,32,32,29,21,93,59,23,30.14,30.05,29.94,10,10,10,9,2,17,0,3,0,0,0,0
50,42,35,36,27,18,93,55,30,30.23,30.06,29.95,10,10,5,18,7,30,0,3,0,0,0,0
53,42,32,30,28,27,87,61,38,30.37,30.33,30.29,10,10,10,8,1,NaN,0,5,0,0,0,0
50,46,42,46,43,39,93,88,76,30.31,30.26,30.19,10,6,2,6,1,NaN,0.46,7,0,0,0,0
66,56,46,52,48,46,100,86,52,30.2,30.12,29.98,10,8,2,8,1,NaN,0.05,7,0,0,0,0
62,58,53,50,48,45,88,73,52,29.99,29.95,29.87,10,10,4,12,7,17,0.01,6,0,0,0,0
60,52,44,45,40,37,87,67,45,29.95,29.91,29.88,10,10,7,14,7,21,0.01,6,0,0,0,0
64,50,35,39,33,25,93,64,22,30.06,30.01,29.92,10,10,10,8,1,NaN,0,2,0,0,0,0
53,48,42,43,39,30,93,76,44,29.94,29.9,29.85,10,8,3,8,1,NaN,0.18,7,0,0,0,0
57,44,32,37,34,32,100,66,38,30.09,30.02,29.85,10,10,8,15,5,28,0,3,0,0,0,0
62,47,32,43,35,30,100,68,34,30.1,30,29.9,10,10,4,9,1,NaN,0,3,0,0,0,0
48,46,44,45,42,41,100,87,76,29.94,29.92,29.9,10,8,4,7,3,NaN,0.17,7,0,0,0,0
55,50,44,45,39,32,100,70,41,30.03,29.93,29.84,10,9,3,14,4,24,0.07,4,0,0,0,0
53,48,42,45,40,32,93,77,51,30.09,30.03,29.98,10,9,4,16,4,29,0.05,5,0,0,0,0
59,46,32,32,30,28,93,60,31,30.2,30.16,30.09,10,10,6,12,5,18,0,2,0,0,0,0
68,52,35,36,33,25,87,53,23,30.16,30.11,30.04,10,10,10,9,4,NaN,0,1,0,0,0,0
50,44,37,36,32,28,87,63,43,30.13,30.11,30.09,10,10,10,21,6,33,0,1,0,0,0,0
57,42,26,32,25,18,93,55,21,30.32,30.28,30.24,10,10,10,12,3,16,0,1,0,0,0,0
66,46,26,30,23,10,93,51,11,30.37,30.29,30.18,10,10,9,10,1,NaN,0,0,0,0,0,0
73,52,30,30,26,14,93,54,11,30.28,30.28,30.26,10,10,10,6,1,NaN,0,0,0,0,0,0
71,54,37,37,34,27,93,57,19,NaN,NaN,NaN,NaN,NaN,NaN,13,2,24,0,0,0,0,0,0
75,54,33,37,28,18,93,51,11,NaN,NaN,NaN,NaN,NaN,NaN,9,2,NaN,0,0,0,0,0,0
84,58,33,32,28,18,87,43,10,NaN,NaN,NaN,NaN,NaN,NaN,8,1,NaN,0,0,0,0,0,0
77,58,39,39,37,34,87,51,22,NaN,NaN,NaN,NaN,NaN,NaN,13,3,21,0,0,0,0,0,0
80,60,41,43,38,19,93,53,12,NaN,NaN,NaN,NaN,NaN,NaN,12,3,20,0,0,0,0,0,0
64,53,42,36,26,14,57,34,18,NaN,NaN,NaN,NaN,NaN,NaN,13,6,21,0,1,0,0,0,0
60,50,41,37,32,27,71,51,27,NaN,NaN,NaN,NaN,NaN,NaN,14,8,23,0,2,0,0,0,0
66,48,30,32,29,23,93,60,21,NaN,NaN,NaN,NaN,NaN,NaN,12,2,20,0,1,0,0,0,0
75,54,32,41,33,28,100,54,18,NaN,NaN,NaN,NaN,NaN,NaN,10,2,NaN,0,0,0,0,0,0
68,58,48,46,39,32,71,51,30,NaN,NaN,NaN,NaN,NaN,NaN,7,1,16,0,6,0,0,0,0
71,56,42,41,35,21,87,50,16,NaN,NaN,NaN,NaN,NaN,NaN,12,4,18,0,2,0,0,0,0
73,55,37,39,34,25,87,54,18,NaN,NaN,NaN,NaN,NaN,NaN,7,1,NaN,0,1,0,0,0,0
57,48,39,46,37,34,93,65,41,NaN,NaN,NaN,NaN,NaN,NaN,9,2,NaN,0.02,4,0,0,0,0
41,39,37,39,37,34,100,92,81,NaN,NaN,NaN,NaN,NaN,NaN,12,1,18,0.21,7,0,0,0,0
50,44,37,39,36,32,100,79,50,NaN,NaN,NaN,NaN,NaN,NaN,9,2,NaN,0.02,7,0,0,0,0
48,44,39,41,39,37,93,87,71,NaN,NaN,NaN,NaN,NaN,NaN,9,1,NaN,0.3,7,0,0,0,0
62,50,39,39,38,34,100,72,39,NaN,NaN,NaN,NaN,NaN,NaN,13,2,21,0,5,0,0,0,0
71,53,35,41,37,32,100,70,25,NaN,NaN,NaN,NaN,NaN,NaN,8,1,NaN,0,3,0,0,0,0
75,57,39,43,40,36,100,62,24,NaN,NaN,NaN,NaN,NaN,NaN,9,1,NaN,0,0,0,0,0,0
73,57,41,41,37,32,87,52,22,NaN,NaN,NaN,NaN,NaN,NaN,10,2,NaN,0,2,0,0,0,0
66,54,41,41,39,37,93,65,37,NaN,NaN,NaN,NaN,NaN,NaN,16,5,28,0,2,0,0,0,0
62,50,37,37,36,32,93,63,32,NaN,NaN,NaN,NaN,NaN,NaN,16,3,29,0,2,0,0,0,0
69,50,32,41,35,30,100,62,30,NaN,NaN,NaN,NaN,NaN,NaN,7,1,NaN,0,2,0,0,0,0
53,45,37,48,42,36,100,87,71,NaN,NaN,NaN,NaN,NaN,NaN,12,2,16,0.74,7,0,0,0,0
53,44,37,39,38,36,100,80,58,NaN,NaN,NaN,NaN,NaN,NaN,8,1,NaN,0.01,8,0,0,0,0
59,52,46,45,39,32,93,64,36,NaN,NaN,NaN,NaN,NaN,NaN,14,4,25,0,5,0,0,0,0
53,46,39,37,33,28,76,61,38,NaN,NaN,NaN,NaN,NaN,NaN,13,8,28,0,2,0,0,0,0
62,47,32,34,32,30,100,66,32,NaN,NaN,NaN,NaN,NaN,NaN,13,3,22,0,1,0,0,0,0
60,46,33,39,36,32,93,70,36,NaN,NaN,NaN,NaN,NaN,NaN,10,2,NaN,0,3,0,0,0,0
53,48,42,45,42,39,93,85,66,NaN,NaN,NaN,NaN,NaN,NaN,8,1,NaN,0.48,7,0,0,0,0
51,45,39,41,39,32,100,83,50,NaN,NaN,NaN,NaN,NaN,NaN,8,2,NaN,0.15,6,0,0,0,0
57,47,37,41,37,32,100,72,38,NaN,NaN,NaN,NaN,NaN,NaN,10,2,NaN,0,6,0,0,0,0
57,47,37,45,40,37,100,77,48,NaN,NaN,NaN,NaN,NaN,NaN,8,1,16,0.02,7,0,0,0,0
53,50,48,48,45,41,94,79,67,NaN,NaN,NaN,NaN,NaN,NaN,9,4,NaN,0.04,7,0,0,0,0
66,58,50,52,48,45,94,72,46,NaN,NaN,NaN,NaN,NaN,NaN,12,2,18,0,6,0,0,0,0
66,56,46,52,48,45,100,80,56,NaN,NaN,NaN,NaN,NaN,NaN,7,1,NaN,0.02,7,0,0,0,0
77,62,46,46,44,39,93,60,28,NaN,NaN,NaN,NaN,NaN,NaN,8,2,NaN,0,3,0,0,0,0
80,60,41,48,42,25,100,62,16,NaN,NaN,NaN,NaN,NaN,NaN,10,1,NaN,0,0,0,0,0,0
82,62,42,46,41,32,93,56,17,NaN,NaN,NaN,NaN,NaN,NaN,13,2,18,0,0,0,0,0,0
77,60,42,45,41,36,87,55,24,NaN,NaN,NaN,NaN,NaN,NaN,12,3,18,0,0,0,0,0,0
73,60,46,50,43,36,87,59,32,NaN,NaN,NaN,NaN,NaN,NaN,10,1,NaN,0,5,0,0,0,0
80,66,53,50,42,28,82,39,15,NaN,NaN,NaN,NaN,NaN,NaN,15,4,28,0,3,0,0,0,0
82,66,51,54,47,39,88,51,23,NaN,NaN,NaN,NaN,NaN,NaN,10,5,NaN,0,1,0,0,0,0
84,65,46,52,46,39,93,56,22,NaN,NaN,NaN,NaN,NaN,NaN,10,3,17,0,0,0,0,0,0
84,63,42,43,40,36,87,50,18,30.03,29.96,29.88,10,10,10,10,2,18,0,0,0,0,0,0
80,61,42,45,35,21,87,47,11,29.92,29.89,29.84,10,10,10,8,2,NaN,0,0,0,0,0,0
84,62,41,41,38,32,93,52,16,29.92,29.88,29.83,10,10,10,7,1,NaN,0,0,0,0,0,0
80,63,46,52,46,43,93,59,32,29.99,29.95,29.89,10,10,10,15,3,26,0,1,0,0,0,0
84,65,46,48,43,36,94,59,18,30.03,29.99,29.93,10,10,10,8,3,NaN,0,0,0,0,0,0
91,68,46,48,46,45,93,56,20,29.98,29.95,29.87,10,10,10,6,1,NaN,0,0,0,0,0,0
95,72,50,52,46,36,94,51,13,29.96,29.92,29.85,10,10,10,9,2,NaN,0,0,0,0,0,0
93,72,50,48,42,34,82,42,13,29.97,29.92,29.84,10,10,10,10,3,20,0,0,0,0,0,0
82,64,46,39,33,25,71,36,12,29.98,29.94,29.9,10,10,10,10,5,21,0,0,0,0,0,0
84,64,44,45,38,12,87,49,8,29.99,29.94,29.87,10,10,10,10,3,NaN,0,0,0,0,0,0
84,65,46,46,43,36,87,53,18,29.94,29.91,29.85,10,10,10,12,2,20,0,0,0,0,0,0
86,65,44,46,38,28,76,46,13,30,29.95,29.87,10,10,10,7,2,NaN,0,0,0,0,0,0
84,66,48,55,46,41,82,50,27,29.92,29.85,29.75,10,10,9,13,2,18,0,1,0,0,0,0
68,62,57,57,55,48,100,90,49,29.8,29.76,29.72,10,6,1,13,3,20,1.04,6,0,0,0,0
71,63,55,55,53,48,100,79,52,29.99,29.9,29.79,10,9,2,8,1,NaN,0.08,7,0,0,0,0
77,62,48,50,48,43,100,68,29,30.09,30.06,30.02,10,10,10,9,2,16,0,3,0,0,0,0
86,66,46,52,47,37,100,61,19,30.08,30.01,29.9,10,10,10,6,1,NaN,0,0,0,0,0,0
91,70,50,54,50,45,94,62,20,29.94,29.91,29.85,10,10,10,9,1,NaN,0,0,0,0,0,0
87,68,48,50,47,39,93,52,24,30.01,29.95,29.88,10,10,10,13,3,23,0,0,0,0,0,0
91,68,46,48,43,37,81,49,17,30.02,29.98,29.91,10,10,7,6,1,NaN,0,0,0,0,0,0
96,74,53,59,51,28,94,57,9,30.04,29.99,29.92,10,10,9,6,1,NaN,0,0,0,0,0,0
95,75,55,64,56,48,94,56,20,30.04,29.98,29.9,10,9,4,7,1,NaN,0,0,0,0,0,0
91,75,59,59,56,45,94,58,21,30.01,29.97,29.91,10,7,2,12,1,18,0,1,0,0,0,0
91,71,51,61,52,48,88,54,23,29.99,29.93,29.82,10,10,10,6,1,NaN,0,1,0,0,0,0
89,71,53,55,49,34,88,54,14,29.9,29.87,29.83,10,10,10,8,2,NaN,0,0,0,0,0,0
84,67,50,48,44,41,76,47,26,29.93,29.89,29.84,10,10,10,12,3,21,0,0,0,0,0,0
82,66,50,55,49,46,87,59,32,29.97,29.93,29.88,10,10,10,7,2,NaN,0,1,0,0,0,0
77,62,46,50,46,41,82,56,36,29.98,29.94,29.89,10,10,10,10,2,16,0,3,0,0,0,0
75,64,53,55,50,46,88,60,36,29.93,29.9,29.87,10,10,10,10,4,17,0,4,0,0,0,0
78,61,44,48,43,32,93,61,21,29.98,29.94,29.85,10,10,10,7,1,NaN,0,2,0,0,0,0
80,63,46,54,48,45,93,59,30,29.93,29.87,29.79,10,10,10,8,1,NaN,0,1,0,0,0,0
75,62,50,54,49,46,87,66,41,29.89,29.87,29.85,10,10,10,7,2,NaN,0,6,0,0,0,0
73,65,57,54,51,45,88,63,36,29.93,29.89,29.86,10,10,10,9,2,NaN,0,6,0,0,0,0
64,58,53,54,50,41,94,75,45,30.01,29.96,29.91,10,10,3,9,1,NaN,0.21,8,0,0,0,0
77,64,51,54,51,46,100,71,36,30.11,30.07,30.02,10,9,0,7,1,NaN,0,5,0,0,0,0
84,67,50,55,51,41,94,69,22,30.08,30.04,29.96,10,10,10,9,2,NaN,0,2,0,0,0,0
86,67,48,54,50,39,94,58,21,30.02,29.96,29.87,10,10,10,10,2,17,0,0,0,0,0,0
89,70,50,55,50,39,94,60,19,29.96,29.92,29.85,10,10,10,8,2,NaN,0,0,0,0,0,0
91,72,53,57,53,50,94,61,24,29.98,29.94,29.91,10,10,9,7,1,NaN,0,0,0,0,0,0
89,71,53,55,51,48,88,58,24,30.08,30.05,30,10,10,10,6,1,NaN,0,0,0,0,0,0
84,68,53,54,47,37,88,53,20,30.07,30.03,29.96,10,10,10,10,3,18,0,0,0,0,0,0
87,68,48,50,46,43,87,53,22,30,29.95,29.85,10,10,10,8,2,NaN,0,0,0,0,0,0
91,72,53,55,51,46,88,57,21,29.99,29.95,29.89,10,10,10,7,2,NaN,0,0,0,0,0,0
87,70,53,55,53,50,88,68,33,30.03,30,29.98,10,10,10,4,1,NaN,0,0,0,0,0,0
98,84,68,61,52,39,64,34,14,30.01,29.93,29.87,10,10,10,7,2,NaN,0,0,0,0,0,0
93,76,59,64,57,54,88,55,28,30,29.96,29.9,10,10,10,8,1,NaN,0,0,0,0,0,0
93,75,57,63,56,54,88,57,26,30.01,29.96,29.91,10,10,10,9,2,NaN,0,1,0,0,0,0
89,72,55,57,53,48,94,55,26,30.06,30.02,29.98,10,10,10,6,1,NaN,0,0,0,0,0,0
89,70,51,54,47,39,88,49,17,30.06,30.01,29.93,10,10,10,7,1,NaN,0,0,0,0,0,0
91,70,48,50,44,30,87,48,12,30.01,29.95,29.84,10,10,10,9,1,NaN,0,0,0,0,0,0
87,68,50,52,47,45,87,54,23,29.98,29.95,29.92,10,10,10,6,1,NaN,0,0,0,0,0,0
91,72,53,54,49,41,88,52,18,30.03,29.98,29.9,10,10,10,7,1,NaN,0,0,0,0,0,0
89,71,53,55,51,45,88,57,21,30.01,29.98,29.92,10,9,2,8,1,NaN,0,0,0,0,0,0
89,71,53,55,52,48,88,57,26,30.04,29.99,29.94,10,10,10,8,1,NaN,0,0,0,0,0,0
87,70,53,55,49,37,88,53,19,30.04,29.99,29.92,10,10,10,9,1,NaN,0,1,0,0,0,0
89,71,53,54,49,45,82,55,21,30.03,29.98,29.88,10,10,10,10,1,16,0,0,0,0,0,0
91,70,50,46,42,32,76,42,13,29.97,29.93,29.87,10,10,10,9,3,17,0,0,0,0,0,0
89,70,50,48,45,43,82,51,21,30.02,29.98,29.93,10,10,10,8,2,NaN,0,0,0,0,0,0
91,71,51,54,48,45,82,54,20,30.05,30,29.92,10,10,10,8,2,17,0,0,0,0,0,0
91,68,46,46,42,32,82,48,13,30.03,29.99,29.9,10,10,9,10,2,NaN,0,0,0,0,0,0
84,67,50,43,38,25,71,39,11,29.99,29.97,29.95,10,10,10,13,3,20,0,0,0,0,0,0
86,67,48,46,42,34,82,48,16,30.03,29.99,29.93,10,10,10,8,2,NaN,0,0,0,0,0,0
89,68,48,48,42,21,87,47,9,30.05,30.01,29.95,10,10,10,7,2,NaN,0,0,0,0,0,0
91,71,51,54,48,41,88,53,17,30.12,30.08,30.01,10,10,10,7,1,NaN,0,0,0,0,0,0
91,71,51,50,46,37,82,46,16,30.11,30.04,29.92,10,10,10,8,1,NaN,0,0,0,0,0,0
93,72,51,50,46,37,82,46,15,29.98,29.92,29.81,10,10,10,7,1,NaN,0,0,0,0,0,0
89,71,53,54,50,46,88,57,22,29.92,29.89,29.86,10,10,10,7,1,NaN,0,0,0,0,0,0
89,68,48,50,44,39,87,50,17,30.02,29.98,29.94,10,10,10,8,2,NaN,0,0,0,0,0,0
89,68,48,50,43,34,76,46,17,30.1,30.05,30,10,10,10,9,2,NaN,0,0,0,0,0,0
95,72,50,54,45,32,87,48,11,30.08,30.02,29.92,10,10,10,9,2,NaN,0,0,0,0,0,0
91,70,50,45,40,37,66,38,16,30.04,29.98,29.9,10,10,10,7,2,NaN,0,0,0,0,0,0
91,70,50,48,43,39,82,44,16,30.02,29.97,29.91,10,10,10,9,2,NaN,0,0,0,0,0,0
93,70,48,48,44,36,87,50,14,30.03,29.99,29.93,10,10,10,7,1,NaN,0,0,0,0,0,0
93,72,50,48,43,32,82,45,12,30.04,30.01,29.95,10,10,10,8,1,NaN,0,0,0,0,0,0
93,70,48,46,43,37,87,44,14,30.04,30,29.91,10,10,10,9,1,16,0,0,0,0,0,0
93,72,50,48,45,37,87,47,16,30.01,29.95,29.85,10,10,9,8,2,17,0,0,0,0,0,0
91,70,50,50,47,41,87,54,17,29.92,29.88,29.75,10,10,9,8,2,17,0,0,0,0,0,0
84,66,48,50,44,36,93,48,18,29.89,29.84,29.8,10,10,10,10,3,17,0,0,0,0,0,0
87,66,46,45,33,10,87,43,6,30.01,29.97,29.91,10,10,10,12,2,20,0,0,0,0,0,0
93,68,42,43,35,32,70,37,11,30.08,30,29.91,10,10,10,7,2,NaN,0,0,0,0,0,0
95,70,46,46,39,32,76,42,11,30,29.95,29.89,10,10,10,7,1,NaN,0,0,0,0,0,0
93,70,48,46,41,39,76,40,16,30.01,29.96,29.9,10,10,10,6,1,NaN,0,0,0,0,0,0
91,68,46,46,40,30,81,49,12,30,29.97,29.93,10,10,10,6,1,NaN,0,0,0,0,0,0
93,70,46,45,39,27,76,45,10,30.12,30.08,30.02,10,10,10,8,1,16,0,0,0,0,0,0
93,70,48,48,36,30,66,36,11,30.14,30.09,30.04,10,10,10,7,1,NaN,0,0,0,0,0,0
93,70,48,46,40,27,76,42,9,30.19,30.13,30.04,10,10,10,8,2,NaN,0,0,0,0,0,0
98,74,50,48,42,34,82,43,11,30.1,30.03,29.9,10,10,10,14,2,23,0,0,0,0,0,0
96,73,50,48,39,28,71,39,9,29.95,29.9,29.8,10,10,10,8,2,16,0,0,0,0,0,0
87,69,51,54,48,43,76,50,27,30.08,29.96,29.9,10,10,10,8,1,NaN,0,0,0,0,0,0
89,72,55,55,52,46,82,57,22,30.13,30.09,30.02,10,10,10,7,2,NaN,0,0,0,0,0,0
91,73,55,57,52,45,94,56,21,30.16,30.1,29.99,10,10,10,9,1,NaN,0,0,0,0,0,0
89,71,53,55,48,41,82,49,22,30.05,29.96,29.85,10,10,10,14,2,16,0,1,0,0,0,0
77,62,48,48,45,41,82,55,29,29.96,29.91,29.85,10,10,10,10,3,16,0,0,0,0,0,0
75,60,44,48,42,32,93,61,21,29.98,29.95,29.92,10,10,10,15,3,24,0,0,0,0,0,0
80,60,39,41,37,25,93,55,13,30.15,30.1,30.05,10,10,10,10,2,17,0,0,0,0,0,0
89,66,42,46,39,32,87,49,15,30.22,30.16,30.07,10,10,7,9,2,NaN,0,0,0,0,0,0
89,66,44,46,41,36,87,53,15,30.18,30.13,30.02,10,10,10,9,2,17,0,0,0,0,0,0
91,68,46,45,40,25,87,49,10,30.12,30.05,29.97,10,10,10,10,2,NaN,0,0,0,0,0,0
93,68,44,45,37,27,76,41,9,30.08,30.02,29.95,10,10,10,12,1,16,0,0,0,0,0,0
93,70,46,45,40,32,81,45,11,30.12,30.07,30,10,10,10,8,2,NaN,0,0,0,0,0,0
95,70,46,50,42,32,81,48,11,30.16,30.08,29.96,10,10,9,5,1,NaN,0,0,0,0,0,0
86,67,48,48,40,28,76,48,13,29.99,29.94,29.86,10,10,10,15,3,24,0,1,0,0,0,0
66,57,48,54,43,32,100,61,32,30.06,29.98,29.88,10,10,3,10,3,18,0.06,3,0,0,0,0
77,60,42,48,44,41,93,65,29,30.14,30.09,30.02,10,10,10,7,1,NaN,0,3,0,0,0,0
82,63,44,48,45,41,93,61,24,30.17,30.12,30.07,10,10,10,13,2,23,0,0,0,0,0,0
89,68,46,50,46,41,93,61,18,30.16,30.1,29.99,10,10,10,7,1,NaN,0,0,0,0,0,0
91,68,46,50,45,36,93,58,14,30.05,30.02,29.92,10,10,10,8,1,NaN,0,0,0,0,0,0
82,65,48,48,46,43,87,56,28,29.96,29.92,29.84,10,10,10,7,2,NaN,0,0,0,0,0,0
62,58,55,48,47,45,72,65,55,30.05,29.98,29.9,10,10,10,7,2,NaN,0,4,0,0,0,0
66,55,44,48,44,41,93,71,46,30.07,30.03,29.96,10,10,10,6,1,NaN,0,3,0,0,0,0
55,50,46,48,46,43,100,88,72,29.96,29.94,29.91,10,8,4,7,1,NaN,0.48,6,0,0,0,0
53,50,46,48,46,43,100,92,67,29.91,29.84,29.69,10,8,1,6,0,NaN,0.27,7,0,0,0,0
48,44,39,43,39,37,100,83,71,29.77,29.67,29.59,10,9,2,13,4,22,0.11,5,0,0,0,0
57,48,39,43,39,36,100,79,51,30.07,29.94,29.81,10,9,5,10,1,NaN,0.33,4,0,0,0,0
66,52,37,46,40,36,100,76,40,30.24,30.18,30.12,10,8,0,6,1,NaN,0,5,0,0,0,0
68,54,41,46,43,39,100,79,37,30.22,30.18,30.08,10,9,0,5,1,NaN,0,5,0,0,0,0
71,55,39,48,43,37,100,82,41,30.13,30.08,29.96,10,8,0,9,1,NaN,0,4,0,0,0,0
57,55,53,55,52,48,100,92,82,29.97,29.92,29.89,10,5,2,4,0,NaN,0.98,6,0,0,0,0
66,56,46,54,47,41,100,74,40,30.13,30.06,29.95,10,10,2,13,3,20,0,3,0,0,0,0
68,54,41,50,45,37,100,79,33,30.25,30.19,30.09,10,9,2,5,1,NaN,0,4,0,0,0,0
75,58,41,52,44,39,100,79,44,30.15,30.08,29.95,10,7,0,6,1,NaN,0,4,0,0,0,0
77,62,46,55,50,46,100,82,44,30.01,29.97,29.89,10,7,0,5,0,NaN,0,4,0,0,0,0
77,64,50,59,53,48,100,82,41,30.02,29.97,29.92,10,7,0,6,0,NaN,0,3,0,0,0,0
77,65,53,57,53,45,100,78,32,30.11,30.06,30,10,9,0,10,2,17,0,4,0,0,0,0
78,61,44,54,47,45,100,77,30,30.28,30.22,30.13,10,9,0,8,1,NaN,0,3,0,0,0,0
77,59,41,52,45,39,100,73,26,30.19,30.12,30.01,10,9,0,5,1,NaN,0,1,0,0,0,0
75,60,44,52,46,39,100,76,27,30.09,30.05,30.01,10,9,0,9,1,NaN,0,3,0,0,0,0
73,57,41,48,43,39,100,72,31,30.1,30.06,30.01,10,9,0,10,1,NaN,0,1,0,0,0,0
71,55,39,46,42,37,100,76,33,30.28,30.22,30.14,10,9,0,5,1,NaN,0,2,0,0,0,0
71,55,39,54,45,39,100,79,43,30.32,30.25,30.15,10,8,0,4,0,NaN,0,3,0,0,0,0
73,57,41,50,44,41,100,80,35,30.17,30.12,30,10,6,0,4,0,NaN,0,4,0,0,0,0
69,55,41,48,44,34,100,78,28,30.08,30.05,30,10,7,0,6,1,NaN,0,4,0,0,0,0
66,50,33,43,33,16,100,68,14,30.2,30.15,30.11,10,9,0,6,1,NaN,0,1,0,0,0,0
64,45,26,36,26,16,93,61,15,30.29,30.23,30.14,10,10,7,6,1,NaN,0,0,0,0,0,0
66,47,28,36,30,27,93,67,23,30.19,30.15,30.07,10,10,6,5,1,NaN,0,0,0,0,0,0
68,49,30,36,32,28,100,70,23,30.22,30.17,30.13,10,10,8,7,1,NaN,0,0,0,0,0,0
68,50,32,43,35,30,100,73,37,30.32,30.26,30.18,10,10,5,5,1,NaN,0,0,0,0,0,0
71,54,37,54,43,36,100,80,43,30.26,30.2,30.13,10,8,0,7,1,NaN,0,2,0,0,0,0
68,54,41,50,45,39,100,75,37,30.21,30.14,30.06,10,10,0,8,1,NaN,0,2,0,0,0,0
64,46,28,36,24,10,100,61,12,30.32,30.26,30.17,10,10,8,9,1,NaN,0,0,0,0,0,0
66,46,26,32,22,14,80,47,14,30.29,30.17,30.02,10,10,9,6,2,NaN,0,0,0,0,0,0
48,39,30,36,30,23,87,72,37,30,29.84,29.73,10,10,5,12,3,20,0.01,4,0,0,0,0
48,38,28,32,28,27,100,77,46,29.92,29.86,29.77,10,10,5,10,1,18,0,6,0,0,0,0
37,34,30,36,32,27,100,92,81,29.93,29.89,29.85,10,6,1,5,1,NaN,0.42,5,0,0,0,0
44,38,32,37,34,32,100,93,76,30.07,29.95,29.89,10,6,0,5,0,NaN,0.05,8,0,0,0,0
48,40,32,36,34,32,100,80,54,30.27,30.23,30.18,10,10,2,5,1,NaN,0.07,6,0,0,0,0
48,40,32,37,33,32,100,85,62,30.35,30.3,30.27,10,8,0,7,1,NaN,0,5,0,0,0,0
57,44,32,39,33,28,100,78,33,30.34,30.28,30.19,10,5,0,6,0,NaN,0,5,0,0,0,0
60,43,26,34,27,23,100,65,23,30.2,30.12,30.01,10,7,0,18,2,18,0,1,0,0,0,0
57,42,28,41,32,27,100,72,31,29.97,29.86,29.79,10,9,4,7,1,NaN,0,4,0,0,0,0
57,46,35,41,37,32,93,71,38,29.93,29.89,29.83,10,9,4,7,1,NaN,0,3,0,0,0,0
55,44,32,43,37,30,100,79,54,30.08,30,29.94,10,10,6,5,1,NaN,0,3,0,0,0,0
57,44,32,37,35,30,100,78,44,30.12,30.05,29.99,10,9,1,7,1,NaN,0,2,0,0,0,0
57,42,28,41,36,28,100,80,51,30.25,30.19,30.12,10,9,3,12,2,21,0,4,0,0,0,0
59,46,33,43,38,32,100,82,51,30.26,30.21,30.16,10,9,2,8,1,NaN,0,5,0,0,0,0
55,46,37,46,40,32,100,81,57,30.18,30.06,29.93,10,9,3,16,4,30,0,5,0,0,0,0
41,36,28,36,32,28,100,81,70,29.92,29.83,29.76,10,9,3,15,9,25,0.04,5,0,0,0,0
41,34,26,32,28,27,100,82,57,29.93,29.85,29.75,10,8,0,12,1,21,0,6,0,0,0,0
44,38,32,37,34,32,100,88,71,30,29.87,29.72,10,9,3,6,3,16,0.11,6,0,0,0,0
42,38,35,41,37,32,100,95,87,30.15,30.1,30.02,10,7,1,5,1,NaN,0.18,7,0,0,0,0
44,42,39,43,41,39,100,92,81,30.17,30.11,30.02,10,6,1,6,1,NaN,0.34,5,0,0,0,0
44,42,39,41,39,37,100,86,81,30.01,29.89,29.8,10,8,2,9,2,NaN,0.46,6,0,0,0,0
50,44,39,43,39,37,100,87,66,30.09,29.98,29.87,10,8,2,6,0,NaN,0.07,7,0,0,0,0
53,42,32,39,36,32,100,86,51,30.47,30.33,30.18,10,9,0,6,2,NaN,0,4,0,0,0,0
50,42,33,43,36,32,100,90,71,30.49,30.43,30.36,10,5,0,4,0,NaN,0,5,0,0,0,0
48,42,37,45,39,37,100,95,81,30.38,30.34,30.29,10,5,0,5,1,NaN,0,5,0,0,0,0
57,46,35,45,39,32,100,85,51,30.35,30.31,30.25,10,8,0,4,0,NaN,0,5,0,0,0,0
46,39,30,39,35,28,100,93,76,30.35,30.29,30.23,10,4,0,5,1,NaN,0,5,0,0,0,0
53,38,24,37,30,25,100,84,44,30.43,30.35,30.26,10,6,0,5,1,NaN,0,3,0,0,0,0
55,39,23,36,26,19,100,76,31,NaN,NaN,NaN,NaN,NaN,NaN,5,1,NaN,0,0,0,0,0,0
55,40,24,36,28,23,100,80,41,NaN,NaN,NaN,NaN,NaN,NaN,5,1,NaN,0,0,0,0,0,0
53,38,23,27,23,14,100,70,22,NaN,NaN,NaN,NaN,NaN,NaN,7,1,NaN,0,0,0,0,0,0
51,35,19,30,24,18,93,75,37,NaN,NaN,NaN,NaN,NaN,NaN,5,1,NaN,0,0,0,0,0,0
55,39,23,27,23,16,100,71,22,NaN,NaN,NaN,NaN,NaN,NaN,7,1,NaN,0,0,0,0,0,0
51,37,23,32,25,19,100,73,33,NaN,NaN,NaN,NaN,NaN,NaN,4,0,NaN,0,0,0,0,0,0
53,40,26,36,29,25,100,79,44,NaN,NaN,NaN,NaN,NaN,NaN,4,0,NaN,0,0,0,0,0,0
53,40,26,37,30,27,100,87,51,NaN,NaN,NaN,NaN,NaN,NaN,5,0,NaN,0,5,0,0,0,0
50,37,24,36,28,23,100,87,50,NaN,NaN,NaN,NaN,NaN,NaN,4,0,NaN,0,5,0,0,0,0
46,34,23,32,26,21,100,85,46,NaN,NaN,NaN,NaN,NaN,NaN,6,0,NaN,0,4,0,0,0,0
46,34,23,32,27,21,100,84,53,NaN,NaN,NaN,NaN,NaN,NaN,4,0,NaN,0,4,0,0,0,0
48,36,24,32,27,23,100,86,50,NaN,NaN,NaN,NaN,NaN,NaN,4,0,NaN,0,5,0,0,0,0
48,34,19,27,23,18,100,78,37,NaN,NaN,NaN,NaN,NaN,NaN,5,0,NaN,0,0,0,0,0,0
44,32,19,34,25,18,93,79,49,NaN,NaN,NaN,NaN,NaN,NaN,7,1,NaN,0.02,2,0,0,0,0
41,36,30,36,33,28,100,93,76,NaN,NaN,NaN,NaN,NaN,NaN,6,1,NaN,0.14,8,0,0,0,0
53,40,28,41,33,28,100,92,54,NaN,NaN,NaN,NaN,NaN,NaN,5,0,NaN,0,6,0,0,0,0
59,42,26,39,31,25,100,82,42,NaN,NaN,NaN,NaN,NaN,NaN,5,1,NaN,0,0,0,0,0,0
48,37,26,37,31,27,100,90,62,NaN,NaN,NaN,NaN,NaN,NaN,5,0,NaN,0,6,0,0,0,0
44,36,28,36,31,27,100,93,71,NaN,NaN,NaN,NaN,NaN,NaN,4,0,NaN,0,7,0,0,0,0
50,36,23,32,27,21,100,84,50,NaN,NaN,NaN,NaN,NaN,NaN,5,1,NaN,0,4,0,0,0,0
50,36,23,32,26,19,100,83,35,NaN,NaN,NaN,NaN,NaN,NaN,5,1,NaN,0,4,0,0,0,0
50,32,15,23,18,14,93,70,24,NaN,NaN,NaN,NaN,NaN,NaN,6,1,NaN,0,0,0,0,0,0
48,34,19,25,19,14,93,66,27,NaN,NaN,NaN,NaN,NaN,NaN,4,1,NaN,0,0,0,0,0,0
53,36,19,28,23,19,100,74,35,NaN,NaN,NaN,NaN,NaN,NaN,5,0,NaN,0,0,0,0,0,0
55,39,23,30,25,19,100,74,31,NaN,NaN,NaN,NaN,NaN,NaN,7,1,NaN,0,2,0,0,0,0
46,35,24,32,29,23,100,87,57,NaN,NaN,NaN,NaN,NaN,NaN,5,1,NaN,0,4,0,0,0,0
44,35,26,36,32,25,100,88,66,NaN,NaN,NaN,NaN,NaN,NaN,5,0,NaN,0,7,0,0,0,0
46,42,39,45,40,36,100,94,87,NaN,NaN,NaN,NaN,NaN,NaN,4,0,NaN,0.05,7,0,0,0,0
50,48,46,48,47,45,100,96,87,NaN,NaN,NaN,NaN,NaN,NaN,5,0,NaN,0.02,8,0,0,0,0
51,42,30,48,40,28,100,84,61,NaN,NaN,NaN,NaN,NaN,NaN,15,4,28,0.27,4,0,0,0,0
46,37,28,36,30,27,100,83,50,NaN,NaN,NaN,NaN,NaN,NaN,5,0,NaN,0,4,0,0,0,0
53,40,28,39,32,27,100,87,51,NaN,NaN,NaN,NaN,NaN,NaN,4,0,NaN,0,4,0,0,0,0
50,38,26,39,32,27,100,89,62,NaN,NaN,NaN,NaN,NaN,NaN,5,1,NaN,0,6,0,0,0,0
50,39,28,37,33,28,100,89,58,NaN,NaN,NaN,NaN,NaN,NaN,4,1,NaN,0,5,0,0,0,0
53,40,28,37,31,27,100,85,44,NaN,NaN,NaN,NaN,NaN,NaN,4,0,NaN,0,5,0,0,0,0
55,42,28,37,32,28,100,85,47,NaN,NaN,NaN,NaN,NaN,NaN,8,1,16,0,2,0,0,0,0
50,39,28,36,32,27,100,89,58,NaN,NaN,NaN,NaN,NaN,NaN,5,1,NaN,0,5,0,0,0,0
46,36,26,37,31,27,100,91,62,NaN,NaN,NaN,NaN,NaN,NaN,4,0,NaN,0,6,0,0,0,0
50,37,24,34,28,23,100,85,46,NaN,NaN,NaN,NaN,NaN,NaN,5,0,NaN,0,5,0,0,0,0
50,37,24,36,28,25,100,85,47,NaN,NaN,NaN,NaN,NaN,NaN,4,0,NaN,0,5,0,0,0,0
53,40,26,34,29,25,100,81,41,NaN,NaN,NaN,NaN,NaN,NaN,5,0,NaN,0,1,0,0,0,0
50,37,24,32,27,23,100,84,43,NaN,NaN,NaN,NaN,NaN,NaN,4,0,NaN,0,4,0,0,0,0
53,36,19,30,24,18,100,80,33,NaN,NaN,NaN,NaN,NaN,NaN,5,0,NaN,0,1,0,0,0,0
57,40,23,32,25,19,100,74,31,NaN,NaN,NaN,NaN,NaN,NaN,4,0,NaN,0,0,0,0,0,0
55,39,23,32,26,19,100,75,36,NaN,NaN,NaN,NaN,NaN,NaN,5,0,NaN,0,0,0,0,0,0
41,32,24,28,22,16,93,66,39,NaN,NaN,NaN,NaN,NaN,NaN,16,5,26,0,2,0,0,0,0
41,29,17,19,16,10,93,66,33,NaN,NaN,NaN,NaN,NaN,NaN,9,2,17,0,0,0,0,0,0
41,28,15,25,19,12,93,73,45,NaN,NaN,NaN,NaN,NaN,NaN,7,1,NaN,0,5,0,0,0,0
32,31,30,32,31,28,100,96,87,NaN,NaN,NaN,NaN,NaN,NaN,0,0,NaN,0.8,7,0,0,0,0
32,32,32,32,32,32,100,100,100,NaN,NaN,NaN,1,1,0,5,0,NaN,0.81,7,0,0,0,0
35,34,32,36,32,32,100,99,93,NaN,NaN,NaN,3,1,0,12,0,20,1.81,7,0,0,0,0
41,34,28,36,31,28,100,82,65,NaN,NaN,NaN,10,8,0,14,6,28,0.2,4,0,0,0,0
35,32,30,32,31,28,100,95,87,NaN,NaN,NaN,10,4,0,8,1,NaN,0.56,4,0,0,0,0
35,34,32,34,32,30,100,95,87,NaN,NaN,NaN,10,6,0,6,1,NaN,0.05,8,0,0,0,0
37,34,32,37,33,32,100,97,93,NaN,NaN,NaN,10,2,0,4,0,NaN,0.01,8,0,0,0,0
46,40,33,41,36,34,100,91,81,NaN,NaN,NaN,10,5,0,4,0,NaN,0.4,8,0,0,0,0
55,44,32,46,39,32,100,87,58,NaN,NaN,NaN,10,6,1,12,2,20,0.02,6,0,0,0,0
51,38,26,36,31,25,100,82,41,NaN,NaN,NaN,10,8,1,6,1,NaN,0,3,0,0,0,0
48,36,24,36,29,25,100,86,54,NaN,NaN,NaN,10,6,0,5,0,NaN,0,4,0,0,0,0
48,38,28,39,31,27,100,86,58,NaN,NaN,NaN,10,5,0,8,0,NaN,0,5,0,0,0,0
53,42,32,39,37,30,100,87,58,NaN,NaN,NaN,10,7,0,6,1,NaN,0,5,0,0,0,0
42,37,32,37,33,32,100,87,75,NaN,NaN,NaN,10,8,2,5,1,NaN,0,7,0,0,0,0
50,42,35,39,36,32,100,82,50,NaN,NaN,NaN,10,7,1,9,1,NaN,0.01,4,0,0,0,0
53,42,32,39,34,30,100,84,54,NaN,NaN,NaN,10,8,0,9,1,NaN,0,4,0,0,0,0
59,42,24,32,26,18,100,72,21,NaN,NaN,NaN,10,8,0,8,1,NaN,0,2,0,0,0,0
59,42,24,32,26,21,100,70,23,NaN,NaN,NaN,10,10,5,7,1,NaN,0,0,0,0,0,0
60,42,24,32,26,21,100,70,23,NaN,NaN,NaN,10,10,4,8,1,NaN,0,0,0,0,0,0
59,42,26,30,25,21,93,65,25,NaN,NaN,NaN,10,9,5,13,2,20,0,0,0,0,0,0
51,46,41,43,38,21,100,79,30,NaN,NaN,NaN,10,8,2,9,3,NaN,0.24,7,0,0,0,0
55,46,37,45,39,36,100,87,58,NaN,NaN,NaN,10,7,0,6,1,NaN,0,5,0,0,0,0
62,50,37,45,39,36,100,84,45,NaN,NaN,NaN,10,6,0,7,1,NaN,0,4,0,0,0,0
53,46,39,48,42,37,100,91,72,NaN,NaN,NaN,10,7,2,6,1,NaN,0.07,7,0,0,0,0
55,45,33,41,38,32,100,79,41,NaN,NaN,NaN,10,8,0,7,1,NaN,0,4,0,0,0,0
41,34,28,37,32,27,100,91,70,NaN,NaN,NaN,10,6,0,5,0,NaN,0.09,5,0,0,0,0
46,39,32,37,34,32,100,89,66,NaN,NaN,NaN,10,6,0,10,1,NaN,0.03,7,0,0,0,0
48,38,28,34,31,27,100,77,43,NaN,NaN,NaN,10,9,2,15,2,29,0,5,0,0,0,0
50,37,24,28,23,19,93,66,30,NaN,NaN,NaN,10,10,9,7,2,NaN,0,0,0,0,0,0
59,42,24,34,26,23,100,68,29,NaN,NaN,NaN,10,10,4,6,1,NaN,0,0,0,0,0,0
60,44,28,41,34,27,100,76,48,NaN,NaN,NaN,10,10,7,10,2,22,0,1,0,0,0,0
48,38,28,37,28,23,86,59,40,NaN,NaN,NaN,10,10,10,15,7,29,0,1,0,0,0,0
53,38,24,30,23,14,100,64,24,NaN,NaN,NaN,10,10,5,8,1,16,0,1,0,0,0,0
42,38,35,39,36,32,100,91,76,NaN,NaN,NaN,10,8,2,4,0,NaN,0.08,7,0,0,0,0
53,45,37,46,40,37,100,91,72,NaN,NaN,NaN,10,6,0,5,1,NaN,0,5,0,0,0,0
62,52,41,45,41,39,100,76,42,NaN,NaN,NaN,10,6,0,13,2,24,0,5,0,0,0,0
62,46,30,37,31,23,100,69,22,NaN,NaN,NaN,10,10,0,6,1,NaN,0,0,0,0,0,0
68,48,28,36,29,25,93,63,21,NaN,NaN,NaN,10,10,5,12,2,26,0,0,0,0,0,0
44,40,35,30,25,19,75,58,39,NaN,NaN,NaN,10,10,10,16,10,37,0,1,0,0,0,0
48,36,23,27,23,19,93,70,32,NaN,NaN,NaN,10,10,6,9,1,NaN,0,2,0,0,0,0
48,36,23,27,23,18,100,69,30,NaN,NaN,NaN,10,9,0,8,1,NaN,0,3,0,0,0,0
41,32,24,32,27,18,100,82,39,NaN,NaN,NaN,10,8,1,12,1,21,0.18,5,0,0,0,0
37,34,32,32,29,27,100,82,65,NaN,NaN,NaN,10,8,1,13,6,25,0.38,5,0,0,0,0
42,37,32,32,31,28,100,80,57,NaN,NaN,NaN,10,8,0,15,4,29,0.35,5,0,0,0,0
53,40,26,36,28,19,100,75,34,NaN,NaN,NaN,10,8,0,7,2,NaN,0,4,0,0,0,0
64,46,28,39,33,27,100,77,34,NaN,NaN,NaN,10,7,0,6,0,NaN,0,4,0,0,0,0
68,48,28,37,33,28,100,71,30,NaN,NaN,NaN,10,7,0,7,1,NaN,0,2,0,0,0,0
62,45,28,37,30,25,100,68,24,NaN,NaN,NaN,10,8,0,16,4,29,0,3,0,0,0,0
46,37,28,36,17,5,80,48,21,NaN,NaN,NaN,10,10,10,14,7,26,0,1,0,0,0,0
62,40,19,30,20,16,93,56,18,NaN,NaN,NaN,10,10,5,6,1,NaN,0,0,0,0,0,0
71,48,26,32,26,18,93,56,13,30.32,30.28,30.25,10,10,4,9,2,NaN,0,0,0,0,0,0
68,47,26,34,29,25,100,60,21,30.37,30.29,30.14,10,10,7,7,1,NaN,0,0,0,0,0,0
60,46,32,37,32,28,87,62,34,30.11,29.99,29.87,10,10,10,10,2,16,0,4,0,0,0,0
48,42,32,37,33,28,87,70,46,29.96,29.9,29.82,10,10,4,14,7,24,0.05,6,0,0,0,0
50,41,32,37,29,25,93,70,37,29.96,29.89,29.76,10,10,8,8,1,NaN,0,6,0,0,0,0
50,42,35,39,36,32,100,81,57,29.86,29.78,29.67,10,8,2,9,6,NaN,0.76,5,0,0,0,0
46,42,39,43,39,37,100,92,81,30.03,29.97,29.9,10,8,2,4,0,NaN,0.09,7,0,0,0,0
48,46,44,48,45,43,100,95,93,30.05,30.02,29.96,9,3,1,4,0,NaN,0.38,7,0,0,0,0
46,42,39,45,41,32,100,92,70,29.94,29.76,29.54,10,7,2,13,3,22,0.6,6,0,0,0,0
48,38,28,32,27,10,100,77,22,29.66,29.59,29.48,10,8,0,9,2,18,0,4,0,0,0,0
41,37,33,28,24,16,81,62,36,29.77,29.64,29.55,10,10,1,17,10,33,0,3,0,0,0,0
41,32,24,32,24,18,93,75,39,30.01,29.96,29.88,10,10,7,8,1,NaN,0,3,0,0,0,0
39,36,32,39,35,32,100,95,87,30.18,30.14,30.07,8,2,0,4,0,NaN,0.3,5,0,0,0,0
50,44,37,48,42,37,100,92,82,30.16,30.05,29.91,10,7,2,5,0,NaN,0.06,7,0,0,0,0
48,40,32,45,32,25,100,72,40,29.96,29.91,29.85,10,9,2,15,4,25,0.02,4,0,0,0,0
48,37,26,28,26,23,93,67,40,30.02,29.95,29.89,10,10,9,9,4,16,0,4,0,0,0,0
42,38,35,37,35,30,100,87,61,29.88,29.83,29.75,10,8,2,14,4,20,0.37,5,0,0,0,0
44,38,32,39,35,32,100,92,76,29.83,29.78,29.72,10,7,1,5,0,NaN,0.45,7,0,0,0,0
41,37,33,37,34,32,100,88,75,29.97,29.92,29.83,10,7,0,6,1,NaN,0.09,7,0,0,0,0
39,38,37,37,36,36,100,93,87,29.93,29.85,29.77,10,5,2,9,4,18,1.28,2,0,0,0,0
50,42,33,37,36,32,100,83,50,30.03,29.92,29.77,10,7,1,13,3,18,0.13,7,0,0,0,0
44,42,39,43,39,37,100,92,87,30.05,30.03,29.99,10,6,2,6,1,NaN,0.69,7,0,0,0,0
53,47,41,48,44,41,100,91,77,30.01,29.95,29.84,10,5,1,7,1,NaN,0.78,5,0,0,0,0
48,44,39,45,39,30,100,81,50,29.75,29.61,29.5,10,7,2,21,6,31,0.41,6,0,0,0,0
46,40,33,34,30,27,87,67,46,30.24,30.12,29.87,10,10,8,14,7,26,0,4,0,0,0,0
64,48,33,37,33,25,93,67,22,30.32,30.22,30.05,10,10,10,7,1,NaN,0,4,0,0,0,0
53,43,33,48,37,32,100,81,51,30.05,30,29.9,10,9,3,7,1,20,0.06,3,0,0,0,0
46,39,32,32,27,18,93,66,34,30.14,30.09,29.97,10,10,3,17,7,23,0,4,0,0,0,0
48,36,24,32,25,19,93,73,37,30.11,30.08,30.02,10,10,3,13,2,23,0.02,1,0,0,0,0
53,38,24,28,23,10,100,66,23,30.26,30.2,30.14,10,10,0,7,1,NaN,0,2,0,0,0,0
57,44,32,32,25,16,93,58,21,30.16,30.12,30.05,10,10,9,7,2,NaN,0,5,0,0,0,0
64,48,32,32,27,18,93,52,18,30.08,30.04,29.98,10,10,9,7,1,NaN,0,0,0,0,0,0
64,52,39,37,29,19,87,49,19,30.01,29.91,29.8,10,10,9,8,3,NaN,0,2,0,0,0,0
53,46,39,45,38,23,100,78,35,29.88,29.83,29.79,10,8,2,7,2,16,0.41,6,0,0,0,0
50,44,39,41,39,36,100,85,62,29.82,29.78,29.74,10,9,0,13,2,17,0.42,7,0,0,0,0
48,42,37,39,36,28,100,85,46,29.89,29.81,29.71,10,8,2,12,3,18,0.47,6,0,0,0,0
44,38,32,37,34,32,100,84,66,29.82,29.73,29.68,10,8,1,12,3,23,0.25,6,0,0,0,0
62,47,32,37,34,28,100,67,27,30.15,29.99,29.83,10,10,9,10,5,16,0,3,0,0,0,0
66,52,37,41,35,21,93,61,20,30.22,30.17,30.12,10,10,7,9,2,NaN,0,4,0,0,0,0
64,55,46,43,39,28,87,60,27,30.2,30.17,30.14,10,10,10,10,2,17,0,7,0,0,0,0
62,50,39,43,38,32,93,63,34,30.19,30.12,30.04,10,10,8,9,2,NaN,0,4,0,0,0,0
57,52,46,50,43,34,94,74,50,30.15,30.12,30.1,10,10,5,8,3,NaN,0.01,8,0,0,0,0
68,58,48,55,51,48,100,85,60,30.24,30.18,30.13,10,7,2,14,2,20,0.02,3,0,0,0,0
77,62,46,50,48,46,100,68,34,30.25,30.16,30.05,10,10,3,12,2,17,0,3,0,0,0,0
84,62,41,50,46,39,100,62,21,30.11,30.03,29.93,10,10,10,7,1,NaN,0,0,0,0,0,0
84,65,46,55,49,45,93,62,29,30.01,29.95,29.87,10,10,10,9,2,NaN,0,0,0,0,0,0
82,65,48,55,50,45,94,63,28,29.93,29.89,29.82,10,10,10,13,1,NaN,0,1,0,0,0,0
69,60,51,54,47,45,77,62,43,30.06,29.99,29.91,10,10,10,9,1,NaN,0,2,0,0,0,0
62,56,51,52,49,46,94,76,55,30,29.86,29.72,10,10,7,8,1,NaN,0,7,0,0,0,0
51,46,41,50,37,28,100,68,43,30.2,29.89,29.68,10,10,5,17,7,31,0.07,4,0,0,0,0
59,44,30,41,32,18,93,64,21,30.3,30.24,30.19,10,10,9,9,3,NaN,0,2,0,0,0,0
71,54,37,46,40,36,93,63,30,30.23,30.1,29.99,10,10,10,9,2,17,0,1,0,0,0,0
78,58,39,46,41,32,93,60,19,30.07,30,29.91,10,10,5,10,2,17,0,2,0,0,0,0
68,57,44,46,39,32,81,51,28,30,29.97,29.92,10,10,10,17,7,26,0,2,0,0,0,0
64,50,35,37,32,25,93,56,22,29.98,29.93,29.87,10,10,2,17,4,26,0,0,0,0,0,0
64,48,32,36,27,16,93,52,15,29.97,29.91,29.85,10,10,10,9,3,17,0,3,0,0,0,0
60,52,44,50,43,34,93,75,45,30.03,29.92,29.83,10,10,4,10,2,16,0.07,7,0,0,0,0
57,47,37,41,34,32,93,60,38,30.31,30.15,30.04,10,10,5,16,5,29,0,1,0,0,0,0
69,50,30,36,29,23,100,56,17,30.37,30.29,30.21,10,10,10,10,2,16,0,0,0,0,0,0
77,55,33,37,31,23,93,50,14,30.27,30.21,30.13,10,10,10,13,3,21,0,0,0,0,0,0
82,60,37,37,30,18,87,45,10,30.21,30.14,30.04,10,10,10,9,2,18,0,0,0,0,0,0
86,62,39,45,36,19,87,46,10,30.12,30.05,29.94,10,10,9,14,2,20,0,0,0,0,0,0
80,60,41,41,33,14,81,45,9,30.07,30.01,29.95,10,10,10,16,3,25,0,0,0,0,0,0
77,56,35,37,26,14,87,42,11,30.13,30.04,29.96,10,10,10,7,2,NaN,0,0,0,0,0,0
82,58,35,39,31,21,87,43,12,30.09,30.03,29.96,10,10,10,8,1,18,0,0,0,0,0,0
87,63,39,41,35,23,87,45,10,30.15,30.09,30.03,10,10,10,8,2,NaN,0,0,0,0,0,0
89,65,41,50,38,27,87,48,10,30.12,30.05,29.94,10,10,10,9,2,NaN,0,0,0,0,0,0
82,66,51,48,45,32,82,51,18,30.06,30.02,29.97,10,10,10,12,3,16,0,0,0,0,0,0
89,66,44,48,44,36,93,54,17,30.07,30.01,29.93,10,10,10,12,2,21,0,0,0,0,0,0
86,65,44,46,37,19,87,44,9,30.05,29.99,29.92,10,10,10,12,3,20,0,0,0,0,0,0
73,60,46,43,39,23,71,50,15,29.96,29.91,29.85,10,10,10,16,3,22,0,1,0,0,0,0
77,56,35,37,32,23,87,49,14,30.05,30,29.93,10,10,10,10,3,16,0,0,0,0,0,0
78,58,37,37,34,28,81,43,18,30.06,30.02,29.98,10,10,10,12,3,22,0,1,0,0,0,0
86,65,44,54,42,34,76,47,23,30.09,30.02,29.92,10,10,10,6,1,NaN,0,0,0,0,0,0
75,65,55,50,45,32,77,55,22,30.09,30.01,29.97,10,10,10,12,3,20,0,2,0,0,0,0
68,59,50,43,40,37,71,53,35,30.12,30.1,30.08,10,10,9,21,8,28,0,1,0,0,0,0
68,54,39,39,37,32,87,54,30,30.08,30.02,29.97,10,10,8,14,7,25,0,0,0,0,0,0
59,47,35,37,34,32,93,61,36,30.01,29.85,29.75,10,10,10,21,5,34,0,0,0,0,0,0
48,40,32,32,31,28,93,74,54,29.75,29.72,29.7,10,10,10,13,4,22,0,1,0,0,0,0
71,60,48,45,42,41,76,49,33,30.03,29.99,29.98,10,10,10,7,3,NaN,0,3,0,0,0,0
80,60,39,46,39,25,93,56,15,30.11,30.06,30,10,10,8,8,2,NaN,0,0,0,0,0,0
86,64,42,50,42,37,87,51,18,30.19,30.13,30.05,10,10,10,8,2,NaN,0,0,0,0,0,0
91,68,46,54,45,41,82,49,20,30.16,30.07,29.95,10,10,10,9,2,17,0,0,0,0,0,0
89,70,50,52,47,41,87,48,24,30.01,29.93,29.83,10,10,10,13,4,24,0,0,0,0,0,0
80,66,53,52,44,36,82,46,22,29.94,29.9,29.88,10,10,10,15,6,24,0,0,0,0,0,0
75,62,48,50,43,37,72,48,29,29.95,29.91,29.86,10,10,10,12,5,20,0,5,0,0,0,0
66,55,44,54,44,36,100,71,32,30.02,29.87,29.79,10,10,7,18,5,33,0.04,6,0,0,0,0
59,50,41,37,34,32,81,57,36,30.21,30.13,30.02,10,10,10,15,8,24,0,2,0,0,0,0
73,53,33,45,35,27,93,58,22,30.2,30.1,30,10,10,10,8,2,NaN,0,0,0,0,0,0
68,55,42,43,40,37,87,57,33,30.04,30.02,30,10,10,9,13,4,21,0,2,0,0,0,0
64,55,46,41,35,32,71,51,30,30.04,30,29.96,10,10,10,17,9,29,0,0,0,0,0,0
71,52,32,36,29,19,93,47,14,30.14,30.1,30.03,10,10,10,10,3,NaN,0,0,0,0,0,0
84,60,35,36,30,18,87,43,10,30.14,30.08,30.01,10,10,10,8,2,18,0,0,0,0,0,0
86,64,42,45,39,36,81,44,18,30.1,30.06,30,10,10,3,13,2,22,0,0,0,0,0,0
80,63,46,48,45,41,81,52,28,30.09,30.03,29.96,10,10,10,18,4,26,0,0,0,0,0,0
84,65,46,50,45,39,93,55,21,30.03,29.96,29.85,10,10,10,10,2,18,0,0,0,0,0,0
84,65,46,46,42,36,93,50,20,29.95,29.9,29.84,10,10,10,14,3,24,0,0,0,0,0,0
91,68,44,48,40,36,81,44,15,30.03,29.97,29.92,10,10,10,8,2,NaN,0,0,0,0,0,0
93,70,48,54,45,32,87,47,12,30.09,30.02,29.94,10,10,10,8,2,NaN,0,0,0,0,0,0
93,73,53,52,46,32,82,45,15,29.99,29.92,29.84,10,10,5,13,3,21,0,0,0,0,0,0
82,64,46,45,37,32,66,41,16,29.95,29.9,29.85,10,10,1,15,4,25,0,0,0,0,0,0
82,62,42,43,37,25,87,45,12,30.01,29.97,29.93,10,10,10,13,3,20,0,0,0,0,0,0
89,65,41,43,36,25,87,41,10,30.01,29.94,29.84,10,10,10,10,2,17,0,0,0,0,0,0
89,68,46,45,38,28,71,37,16,29.91,29.85,29.77,10,10,10,10,3,16,0,0,0,0,0,0
62,56,48,54,44,32,100,71,32,29.91,29.86,29.81,10,9,3,9,2,NaN,0.27,5,0,0,0,0
60,51,42,50,42,36,100,73,42,29.89,29.84,29.79,10,10,2,10,4,16,0.04,4,0,0,0,0
69,54,39,45,38,32,100,63,25,30.01,29.96,29.9,10,10,0,8,2,NaN,0,3,0,0,0,0
62,52,42,43,40,37,93,65,39,30.04,30.01,29.98,10,10,10,9,3,17,0,4,0,0,0,0
73,55,37,41,35,27,93,52,19,30.11,30.03,29.93,10,10,7,8,4,NaN,0,0,0,0,0,0
82,62,41,48,41,27,93,54,16,30,29.95,29.89,10,10,3,6,1,NaN,0,0,0,0,0,0
84,65,46,52,45,39,93,54,20,30.07,30.02,29.98,10,10,10,14,2,20,0,0,0,0,0,0
82,68,53,54,49,45,88,56,30,30.09,30.05,30.01,10,10,10,7,1,NaN,0,3,0,0,0,0
77,68,59,64,56,54,100,71,44,30.04,29.99,29.94,10,10,2,10,1,NaN,0.1,6,0,0,0,0
84,70,55,57,53,41,100,65,23,30,29.95,29.9,10,10,10,8,2,NaN,0,3,0,0,0,0
87,69,51,55,46,32,94,51,19,29.98,29.93,29.86,10,10,10,13,4,24,0,0,0,0,0,0
84,65,46,50,42,28,76,47,15,30.03,29.96,29.88,10,10,10,9,3,16,0,0,0,0,0,0
89,68,46,48,41,28,93,47,12,29.96,29.9,29.82,10,10,9,12,3,16,0,0,0,0,0,0
86,66,46,46,41,36,71,42,20,30.01,29.95,29.92,10,10,10,6,2,NaN,0,0,0,0,0,0
89,68,48,48,42,37,87,45,17,30.08,30.04,30,10,10,10,8,1,NaN,0,1,0,0,0,0
95,70,46,46,40,25,81,40,9,30.12,30.05,29.97,10,10,10,8,1,NaN,0,0,0,0,0,0
95,74,53,48,44,37,77,41,13,30.08,30.03,29.97,10,10,10,7,1,NaN,0,0,0,0,0,0
91,71,51,48,44,36,76,40,14,30.09,30.05,30,10,10,10,8,1,NaN,0,2,0,0,0,0
96,74,51,54,44,25,76,42,8,30.09,30.01,29.91,10,10,10,8,2,NaN,0,0,0,0,0,0
98,76,55,54,47,36,77,41,13,30.03,29.97,29.88,10,10,10,9,2,16,0,0,0,0,0,0
95,76,57,54,48,41,77,44,19,29.98,29.93,29.86,10,8,2,13,2,18,0,0,0,0,0,0
93,73,53,50,44,36,77,41,15,29.96,29.91,29.85,10,10,9,8,2,NaN,0,1,0,0,0,0
93,72,51,52,44,34,63,40,16,29.98,29.94,29.89,10,10,6,7,1,NaN,0,0,0,0,0,0
91,72,53,48,46,37,82,62,15,30.01,29.97,29.8,10,10,9,9,1,17,0,2,0,0,0,0
89,80,68,41,38,36,35,24,15,30,29.99,29.96,10,10,10,7,4,NaN,0,0,0,0,0,0
95,76,57,46,42,37,59,32,14,30.04,29.98,29.9,10,10,10,10,2,18,0,1,0,0,0,0
93,73,53,45,41,32,67,36,11,30.04,29.98,29.92,10,10,10,9,3,16,0,2,0,0,0,0
95,72,50,45,39,34,66,35,12,30.03,29.96,29.88,10,10,10,10,2,17,0,1,0,0,0,0
91,70,50,46,41,36,71,38,15,29.99,29.94,29.88,10,10,10,10,3,17,0,2,0,0,0,0
93,72,51,50,44,32,82,44,12,30.01,29.96,29.89,10,10,10,10,2,16,0,1,0,0,0,0
91,71,51,46,42,32,76,41,12,30.01,29.95,29.87,10,10,9,12,3,16,0,2,0,0,0,0
93,72,50,46,39,28,76,40,10,30.02,29.94,29.85,10,10,10,7,2,NaN,0,3,0,0,0,0
91,70,48,43,38,36,66,37,14,29.92,29.85,29.76,10,10,8,6,2,NaN,0,2,0,0,0,0
84,65,46,46,37,23,71,40,11,30.01,29.9,29.83,10,10,10,12,2,21,0,1,0,0,0,0
82,64,46,46,41,36,71,47,24,30.11,30.05,30,10,10,10,9,1,NaN,0,NaN,0,0,0,0
86,66,46,48,43,32,87,51,14,30.1,30.05,29.98,10,10,10,15,2,21,0,0,0,0,0,0
89,66,44,43,37,19,81,46,9,30.09,30.01,29.89,10,10,10,6,2,NaN,0,0,0,0,0,0
91,68,44,43,37,25,81,41,10,29.95,29.88,29.78,10,10,8,8,1,NaN,0,0,0,0,0,0
86,65,44,41,36,28,76,40,15,29.96,29.88,29.85,10,10,10,8,1,NaN,0,0,0,0,0,0
86,66,46,41,35,27,76,41,12,30.08,30.02,29.96,10,10,10,7,2,NaN,0,0,0,0,0,0
91,68,44,45,35,19,71,39,7,30.11,30.04,29.94,10,10,10,7,1,NaN,0,0,0,0,0,0
93,70,48,45,40,32,76,42,13,30.08,30.02,29.95,10,10,10,7,2,NaN,0,0,0,0,0,0
93,70,48,45,34,18,71,36,7,30.12,30.06,29.99,10,10,10,7,1,NaN,0,0,0,0,0,0
91,68,44,36,30,23,57,31,11,30.09,30.02,29.94,10,10,10,7,1,NaN,0,0,0,0,0,0
89,68,48,45,37,32,66,37,14,30.05,30,29.95,10,10,10,7,1,NaN,0,0,0,0,0,0
91,68,46,41,38,32,71,42,13,30.15,30.09,30.04,10,10,10,9,1,NaN,0,0,0,0,0,0
89,70,51,46,41,36,67,41,16,30.12,30.04,29.95,10,10,9,9,2,NaN,0,0,0,0,0,0
84,63,42,41,33,25,66,38,12,30.05,29.99,29.92,10,10,8,10,3,20,0,NaN,0,0,0,0
84,64,44,45,39,28,81,49,14,30.08,30,29.9,10,10,10,9,3,16,0,0,0,0,0,0
89,68,46,45,39,28,82,47,11,30.03,29.98,29.93,10,10,10,8,1,NaN,0,0,0,0,0,0
95,70,44,39,36,32,71,39,11,30.15,30.09,30.03,10,10,10,7,1,NaN,0,0,0,0,0,0
93,70,48,41,37,30,66,36,11,30.2,30.14,30.08,10,10,6,6,1,NaN,0,0,0,0,0,0
89,70,50,48,42,39,67,41,18,30.16,30.1,30.03,10,10,10,12,1,17,0,0,0,0,0,0
89,68,48,48,40,32,82,44,15,30.16,30.1,30.04,10,10,10,7,2,NaN,0,0,0,0,0,0
89,66,44,39,34,27,71,38,11,30.13,30.08,30.01,10,10,10,8,1,NaN,0,0,0,0,0,0
93,68,44,37,33,27,66,35,10,30.13,30.06,29.98,10,10,10,6,1,NaN,0,0,0,0,0,0
89,68,48,41,36,32,66,38,13,30.15,30.09,30.03,10,10,10,6,1,NaN,0,0,0,0,0,0
91,68,46,39,36,32,71,39,12,30.16,30.1,30.03,10,10,10,9,1,NaN,0,0,0,0,0,0
91,66,42,39,33,27,76,39,10,30.13,30.07,29.98,10,10,10,7,1,NaN,0,0,0,0,0,0
86,65,44,39,34,25,71,41,11,30.11,30.04,29.95,10,10,10,10,2,NaN,0,NaN,0,0,0,0
86,64,41,43,33,19,70,39,9,30.09,30.02,29.95,10,10,10,7,1,NaN,0,0,0,0,0,0
84,68,53,41,39,36,62,39,18,30.05,30.01,29.94,10,10,10,13,3,23,0,NaN,0,0,0,0
82,63,44,45,39,36,81,51,19,30.1,30.03,29.96,10,10,10,8,1,NaN,0,NaN,0,0,0,0
87,66,44,43,38,27,81,48,11,30.06,29.99,29.9,10,10,10,9,2,NaN,0,0,0,0,0,0
89,68,46,41,39,32,76,45,13,30.01,29.95,29.89,10,10,10,7,1,NaN,0,0,0,0,0,0
91,68,46,41,39,34,76,43,14,30.04,29.99,29.92,10,10,10,8,1,NaN,0,0,0,0,0,0
89,68,46,41,37,32,76,40,13,30.05,30,29.94,10,10,10,13,2,21,0,0,0,0,0,0
89,66,42,37,32,19,76,40,8,30.16,30.11,30.05,10,10,10,9,2,16,0,0,0,0,0,0
93,68,42,36,33,25,71,39,9,30.24,30.16,30.08,10,10,10,6,2,NaN,0,0,0,0,0,0
95,70,44,37,32,25,66,34,8,30.19,30.12,30.02,10,10,10,10,2,17,0,0,0,0,0,0
93,70,46,36,32,18,66,35,7,30.07,30,29.9,10,10,10,12,2,16,0,0,0,0,0,0
91,68,44,41,34,30,66,36,11,30.03,29.98,29.91,10,10,10,6,2,NaN,0,0,0,0,0,0
87,66,44,37,35,28,71,40,12,30.1,30.06,30.01,10,10,10,12,2,22,0,NaN,0,0,0,0
75,60,44,46,39,32,71,51,29,30.14,30.1,30.06,10,10,10,7,2,NaN,0,NaN,0,0,0,0
75,57,39,43,38,34,93,57,23,30.11,30.05,29.99,10,10,10,7,1,NaN,0,NaN,0,0,0,0
78,58,39,43,39,37,93,59,23,30.05,29.99,29.91,10,10,10,6,1,NaN,0,NaN,0,0,0,0
71,56,42,45,41,39,87,66,33,30.06,30,29.97,10,10,10,8,1,NaN,0,NaN,0,0,0,0
73,55,37,43,37,32,93,62,23,30.08,30.03,29.96,10,10,10,6,1,NaN,0,NaN,0,0,0,0
80,60,41,39,36,32,81,52,17,30.01,29.94,29.85,10,10,10,8,2,NaN,0,NaN,0,0,0,0
82,60,39,45,37,27,87,57,14,29.97,29.89,29.76,10,10,10,5,1,NaN,0,NaN,0,0,0,0
64,56,48,45,44,43,82,67,48,30.25,30.06,29.97,10,10,10,5,0,NaN,0,NaN,0,0,0,0
75,62,48,50,46,45,87,67,38,30.34,30.27,30.21,10,10,10,8,1,NaN,0,NaN,0,0,0,0
77,59,41,48,44,37,93,65,25,30.27,30.2,30.11,10,10,10,9,2,NaN,0,NaN,0,0,0,0
75,62,48,57,51,43,87,67,43,30.18,30.1,30.04,10,10,10,14,3,24,0,NaN,0,0,0,0
73,58,44,57,49,34,82,60,31,30.14,30.04,29.99,10,10,9,15,8,24,0,NaN,0,0,0,0
78,56,35,41,35,28,87,57,16,30.16,30.1,30.01,10,10,10,6,1,NaN,0,NaN,0,0,0,0
84,60,35,37,32,27,81,48,13,30.11,30.07,29.99,10,10,10,7,1,NaN,0,NaN,0,0,0,0
77,58,39,48,37,32,76,51,22,30.12,30.04,29.94,10,10,10,12,3,20,0,NaN,0,0,0,0
64,52,41,50,40,32,81,57,34,29.97,29.9,29.84,10,10,10,15,7,25,0,NaN,0,0,0,0
59,46,32,36,28,21,87,52,23,29.93,29.85,29.72,10,10,9,12,3,16,0,NaN,0,0,0,0
48,42,37,41,37,34,93,85,62,29.82,29.74,29.67,10,9,4,9,2,18,0.32,NaN,0,0,0,0
48,40,32,39,34,28,100,80,46,29.99,29.94,29.82,10,8,0,12,2,NaN,0.18,NaN,0,0,0,0
50,42,35,39,37,34,100,84,62,30.2,30.05,29.95,10,10,5,10,2,16,0.05,NaN,0,0,0,0
57,45,33,36,34,28,100,74,33,30.36,30.3,30.2,10,10,9,7,1,NaN,0,NaN,0,0,0,0
62,47,32,48,39,28,100,79,54,30.35,30.27,30.17,10,10,1,14,2,23,0,NaN,0,0,0,0
71,56,41,52,46,39,100,81,46,30.21,30.16,30.08,10,8,0,8,1,NaN,0,NaN,0,0,0,0
68,56,44,54,48,43,100,84,46,30.14,30.08,30.01,10,8,1,5,1,NaN,0,NaN,0,0,0,0
68,54,41,50,45,39,100,81,46,30.22,30.14,30.09,10,10,8,5,1,NaN,0,NaN,0,0,0,0
68,54,41,50,45,41,100,82,49,30.13,30.05,29.96,10,8,0,6,1,NaN,0,NaN,0,0,0,0
51,48,44,48,46,43,100,94,82,29.97,29.93,29.89,10,7,0,9,0,NaN,0.58,NaN,0,0,0,0
59,49,39,46,44,37,100,85,51,30.1,30.03,29.96,10,7,0,5,1,NaN,0,NaN,0,0,0,0
57,48,39,48,43,39,100,86,67,30.13,30.1,30.06,10,9,0,5,1,NaN,0,NaN,0,0,0,0
68,57,46,50,47,45,100,81,46,30.26,30.18,30.11,10,10,3,8,1,16,0,NaN,0,0,0,0
68,55,42,54,47,41,100,87,52,30.37,30.32,30.26,10,8,0,4,1,NaN,0,NaN,0,0,0,0
68,56,44,54,46,41,100,87,49,30.36,30.27,30.18,10,5,0,5,1,NaN,0,NaN,0,0,0,0
71,56,42,54,46,41,100,84,43,30.22,30.15,30.08,10,6,0,5,0,NaN,0,NaN,0,0,0,0
66,54,42,48,41,32,100,69,32,30.12,29.99,29.88,10,8,0,10,2,20,0,NaN,0,0,0,0
44,38,32,36,31,27,93,73,53,29.88,29.81,29.76,10,10,5,14,6,22,0.02,NaN,0,0,0,0
44,36,28,32,29,27,100,78,53,29.91,29.87,29.82,10,10,2,12,1,NaN,0,NaN,0,0,0,0
46,36,26,30,26,25,100,74,43,30.25,30.06,29.91,10,10,7,14,4,21,0,NaN,0,0,0,0
46,34,23,32,26,21,93,77,46,30.38,30.33,30.26,10,10,7,5,0,NaN,0,NaN,0,0,0,0
48,40,33,41,35,30,100,81,54,30.39,30.34,30.3,10,9,3,5,0,NaN,0,NaN,0,0,0,0
48,44,41,46,43,39,100,94,87,30.3,30.22,30.17,10,5,0,5,0,NaN,0.08,NaN,0,0,0,0
51,48,44,45,43,41,93,88,76,30.22,30.18,30.14,10,5,2,5,1,NaN,0,NaN,0,0,0,0
50,44,37,43,40,36,100,85,71,30.14,30.06,30,10,9,1,7,1,NaN,0,NaN,0,0,0,0
50,44,37,46,42,37,100,93,76,30.02,29.98,29.9,10,4,0,6,0,NaN,0.02,NaN,0,0,0,0
51,42,32,50,42,32,100,93,81,29.98,29.84,29.73,10,6,0,13,2,18,0.66,8,0,0,0,0
41,36,32,39,36,32,100,92,87,30.14,30.06,29.99,10,8,3,6,1,NaN,0.06,NaN,0,0,0,0
48,44,41,46,43,39,100,94,87,30.16,30.11,30.07,10,4,2,9,1,NaN,0.67,NaN,0,0,0,0
50,48,46,48,47,45,100,96,87,30.06,29.93,29.88,10,4,1,7,2,NaN,1.08,NaN,0,0,0,0
50,41,32,45,37,30,100,81,54,30.29,30.11,29.9,10,9,3,13,4,23,0.22,NaN,0,0,0,0
48,40,32,39,34,32,100,87,54,30.34,30.31,30.27,10,8,0,5,0,NaN,0,NaN,0,0,0,0
50,41,32,41,35,32,100,91,66,30.38,30.32,30.26,10,4,0,4,0,NaN,0,NaN,0,0,0,0
48,42,35,41,37,34,100,92,76,30.31,30.22,30.11,10,5,0,4,0,NaN,0,NaN,0,0,0,0
48,42,37,45,40,36,100,94,81,30.12,30.07,30,10,5,0,5,0,NaN,0,NaN,0,0,0,0
53,44,35,46,39,36,100,93,72,30.12,30.07,30.03,10,5,0,6,0,NaN,0,NaN,0,0,0,0
57,46,35,48,38,34,100,80,51,30.11,30.05,29.98,10,6,0,14,2,20,0,NaN,0,0,0,0
51,46,42,46,43,39,100,85,62,29.98,29.89,29.82,10,6,1,9,4,21,0.52,NaN,0,0,0,0
48,46,44,46,45,43,100,96,87,29.96,29.81,29.65,10,4,1,7,3,NaN,2.41,NaN,0,0,0,0
55,50,44,48,46,43,100,91,67,29.85,29.75,29.63,10,6,0,9,1,NaN,0.3,NaN,0,0,0,0
53,48,44,50,46,43,100,94,77,29.92,29.81,29.58,10,4,0,6,1,NaN,1.21,NaN,0,0,0,0
51,42,32,48,38,32,100,82,54,30.12,29.81,29.47,10,7,1,16,5,26,1.46,NaN,0,0,0,0
46,39,32,41,37,32,100,92,76,30.23,30.16,30.13,10,6,0,5,0,NaN,0.23,NaN,0,0,0,0
44,42,41,45,42,39,100,95,87,30.2,30.17,30.14,10,4,0,6,1,NaN,1.81,NaN,0,0,0,0
48,45,42,46,43,41,100,92,81,30.22,30.16,30.14,10,8,1,4,0,NaN,0.23,NaN,0,0,0,0
46,39,32,43,37,32,100,86,71,30.23,30.17,30.13,10,9,0,7,2,NaN,0,NaN,0,0,0,0
46,38,30,37,33,28,100,85,57,30.23,30.18,30.12,10,8,0,5,1,NaN,0,NaN,0,0,0,0
39,34,30,36,32,28,100,91,75,30.25,30.18,30.15,10,7,0,4,0,NaN,0,NaN,0,0,0,0
46,39,32,37,33,32,100,92,66,30.37,30.31,30.25,10,6,0,5,0,NaN,0,NaN,0,0,0,0
39,36,32,39,34,32,100,96,93,30.39,30.31,30.22,5,0,0,5,0,NaN,0,NaN,0,0,0,0
39,36,32,37,35,32,100,96,93,30.21,29.94,29.73,10,4,0,6,0,NaN,0.08,NaN,0,0,0,0
42,34,26,36,30,25,100,89,61,29.92,29.82,29.74,10,8,0,7,2,NaN,0,NaN,0,0,0,0
42,34,26,30,28,25,100,86,57,29.97,29.9,29.83,10,8,0,5,1,NaN,0,NaN,0,0,0,0
41,34,26,32,28,25,100,87,61,30.02,29.87,29.79,10,8,2,9,1,NaN,0,NaN,0,0,0,0
32,29,26,32,30,25,100,96,87,30.02,29.98,29.94,10,4,0,0,0,NaN,0.38,NaN,0,0,0,0
32,32,32,32,32,32,100,100,100,30.02,29.95,29.78,2,1,0,0,0,NaN,0.78,NaN,0,0,0,0
41,34,26,36,32,25,100,87,65,30.02,29.93,29.78,10,8,1,13,4,20,0.16,NaN,0,0,0,0
39,30,21,27,23,19,100,80,52,30.16,30.04,29.98,10,8,3,12,2,20,0,NaN,0,0,0,0
35,27,19,25,23,18,93,78,52,30.25,30.17,30.13,10,10,6,7,1,NaN,0,NaN,0,0,0,0
35,34,32,32,29,23,100,89,60,30.12,29.97,29.9,10,4,0,13,4,21,0.69,NaN,0,0,0,0
35,34,32,32,32,32,100,99,87,29.9,29.83,29.72,10,4,0,7,1,NaN,0.89,NaN,0,0,0,0
35,34,32,34,32,32,100,98,87,29.97,29.8,29.66,10,3,0,5,0,NaN,0.62,NaN,0,0,0,0
37,34,32,36,33,30,100,96,87,29.96,29.84,29.75,10,5,0,7,1,NaN,0.79,NaN,0,0,0,0
37,32,26,32,30,25,100,92,75,30.22,30.13,29.96,10,7,0,5,1,NaN,0,NaN,0,0,0,0
35,34,32,32,32,30,100,98,87,30.12,29.94,29.76,10,3,0,6,1,NaN,0.63,NaN,0,0,0,0
39,36,32,36,32,30,100,92,75,30.05,29.89,29.75,10,6,0,13,2,17,0.1,NaN,0,0,0,0
41,34,28,32,30,27,100,90,65,30.17,30.12,30.06,10,7,0,4,1,NaN,0,NaN,0,0,0,0
35,32,28,32,30,28,100,91,81,30.16,30.1,30.06,10,9,2,4,0,NaN,0.02,NaN,0,0,0,0
35,32,30,32,31,28,100,95,81,30.12,30.07,30.04,10,8,0,5,0,NaN,0,NaN,0,0,0,0
39,32,26,32,29,27,100,88,65,30.24,30.14,30.06,10,8,1,6,1,NaN,0,NaN,0,0,0,0
35,29,23,28,25,21,100,88,70,30.31,30.25,30.2,10,9,2,6,1,NaN,0,NaN,0,0,0,0
39,31,23,28,25,23,100,89,65,30.38,30.31,30.26,10,8,0,5,0,NaN,0,NaN,0,0,0,0
39,31,23,32,25,19,100,91,65,30.31,30.24,30.17,10,5,0,5,1,NaN,0,NaN,0,0,0,0
41,32,23,32,27,23,100,90,70,30.31,30.24,30.19,10,6,0,5,1,NaN,0,NaN,0,0,0,0
42,34,26,32,28,25,100,91,57,30.34,30.27,30.2,10,5,0,4,0,NaN,0,NaN,0,0,0,0
35,30,26,34,30,27,100,95,87,30.23,30.18,30.12,10,4,0,6,0,NaN,0.17,NaN,0,0,0,0
37,34,32,36,32,32,100,93,81,30.24,30.17,30.1,10,5,0,5,0,NaN,0,NaN,0,0,0,0
44,38,33,39,34,32,100,91,76,30.29,30.26,30.22,10,6,1,5,0,NaN,0,NaN,0,0,0,0
39,36,32,37,35,32,100,95,87,30.33,30.25,30.16,10,4,0,6,0,NaN,0,NaN,0,0,0,0
39,36,32,37,31,25,100,86,70,30.17,30,29.9,10,7,0,16,3,24,0,NaN,0,0,0,0
39,32,24,28,24,21,93,73,52,30.1,30.04,29.96,10,10,2,14,6,21,0,NaN,0,0,0,0
44,34,24,27,24,19,93,68,46,30.17,30.11,30.06,10,10,7,14,6,21,0,NaN,0,0,0,0
39,30,21,25,22,18,93,79,45,30.22,30.17,30.1,10,10,7,5,0,NaN,0,NaN,0,0,0,0
39,27,15,23,18,14,100,80,39,30.31,30.23,30.19,10,10,5,6,0,NaN,0,NaN,0,0,0,0
44,30,15,25,17,7,93,72,24,30.45,30.38,30.31,10,10,5,4,1,NaN,0,NaN,0,0,0,0
50,34,19,30,23,18,100,77,37,30.54,30.49,30.42,10,9,4,4,0,NaN,0,NaN,0,0,0,0
53,36,19,32,25,18,100,80,35,30.56,30.46,30.37,10,8,5,4,0,NaN,0,NaN,0,0,0,0
55,37,19,32,25,18,100,79,33,30.41,30.33,30.23,10,9,4,4,0,NaN,0,NaN,0,0,0,0
53,36,19,32,25,18,100,80,35,30.34,30.28,30.22,10,9,0,5,0,NaN,0,NaN,0,0,0,0
53,36,19,32,25,18,100,81,35,30.37,30.3,30.24,10,9,0,4,0,NaN,0,NaN,0,0,0,0
53,36,19,30,24,18,100,80,35,30.35,30.29,30.2,10,8,0,4,1,NaN,0,NaN,0,0,0,0
55,37,19,30,24,18,100,79,30,30.28,30.22,30.16,10,8,0,6,0,NaN,0,NaN,0,0,0,0
46,34,23,32,27,19,100,81,50,30.21,30.12,30.04,10,9,4,5,0,NaN,0,NaN,0,0,0,0
41,36,30,39,35,28,100,95,87,30.15,30.06,29.98,10,4,0,5,1,NaN,0.72,NaN,0,0,0,0
46,42,37,43,38,36,100,92,81,30.25,30.19,30.15,10,5,0,4,0,NaN,0.07,NaN,0,0,0,0
46,42,37,45,40,37,100,94,81,30.23,30.14,30.03,10,4,0,4,0,NaN,0.02,NaN,0,0,0,0
46,37,28,39,33,27,100,80,53,30.04,29.98,29.94,10,8,1,17,4,24,0.02,NaN,0,0,0,0
44,34,23,32,27,21,100,77,49,30.15,30.1,30.04,10,10,7,13,2,21,0,NaN,0,0,0,0
46,38,30,32,31,28,100,77,57,30.26,30.18,30.11,10,10,3,14,4,24,0,NaN,0,0,0,0
55,42,30,36,31,28,100,71,41,30.42,30.33,30.25,10,9,3,17,6,24,0,NaN,0,0,0,0
50,39,28,37,32,27,100,89,58,30.48,30.41,30.34,10,7,0,5,1,NaN,0,NaN,0,0,0,0
53,40,28,36,31,27,100,86,47,30.38,30.31,30.22,10,5,0,5,0,NaN,0,NaN,0,0,0,0
59,42,26,36,30,27,100,78,38,30.3,30.25,30.19,10,7,0,4,0,NaN,0,NaN,0,0,0,0
57,42,26,37,29,25,100,80,38,30.34,30.28,30.23,10,9,5,4,0,NaN,0,NaN,0,0,0,0
59,42,24,36,30,25,100,80,36,30.3,30.24,30.16,10,8,0,4,0,NaN,0,NaN,0,0,0,0
57,42,28,39,31,27,100,75,33,30.22,30.12,30.05,10,9,4,5,0,NaN,0,NaN,0,0,0,0
53,42,30,39,32,27,100,81,50,30.15,30.06,30.01,10,8,0,13,2,26,0.02,0,0,0,0,0
50,38,26,32,29,23,100,78,37,30.2,30.12,30.03,10,9,0,7,1,NaN,0,3,0,0,0,0
44,38,32,34,30,23,100,81,46,30.05,29.99,29.95,10,8,1,10,2,17,0.22,6,0,0,0,0
48,37,24,32,28,16,100,80,29,30.07,30.02,29.96,10,9,0,7,1,NaN,0,4,0,0,0,0
50,34,19,28,23,18,93,75,35,30.14,30.09,30.04,10,9,0,7,1,NaN,0,1,0,0,0,0
55,39,23,32,26,21,100,74,33,30.19,30.13,30.07,10,9,3,6,1,NaN,0,0,0,0,0,0
59,41,23,32,27,21,100,72,29,30.28,30.21,30.16,10,9,5,5,1,NaN,0,0,0,0,0,0
59,42,26,32,28,25,93,71,29,30.39,30.34,30.29,10,9,5,7,1,NaN,0,0,0,0,0,0
62,44,26,37,30,25,100,75,32,30.41,30.35,30.26,10,9,5,6,1,NaN,0,0,0,0,0,0
66,46,26,37,31,27,100,68,23,30.42,30.35,30.29,10,8,0,12,2,18,0,1,0,0,0,0
66,46,26,36,30,23,100,67,19,30.36,30.31,30.25,10,10,5,5,1,NaN,0,0,0,0,0,0
64,45,26,36,30,27,100,67,26,30.33,30.2,30.09,10,9,3,12,2,20,0,0,0,0,0,0
57,40,24,32,26,18,100,70,21,30.13,30.06,29.97,10,9,7,7,2,NaN,0,0,0,0,0,0
48,36,24,32,27,23,93,72,46,30.01,29.93,29.83,10,10,5,10,2,NaN,0,3,0,0,0,0
39,32,26,32,28,25,100,81,61,29.87,29.73,29.64,10,8,0,13,2,24,0.16,5,0,0,0,0
48,36,23,28,26,21,93,72,43,30.04,29.98,29.88,10,10,9,9,2,17,0,2,0,0,0,0
51,38,24,28,26,23,93,72,35,30.2,30.14,30.04,10,10,8,13,3,17,0,1,0,0,0,0
57,40,24,37,31,25,100,75,38,30.25,30.18,30.09,10,10,6,16,3,26,0.01,3,0,0,0,0
48,37,26,32,23,18,86,56,32,30.32,30.22,30.11,10,10,10,13,7,22,0,1,0,0,0,0
57,40,23,32,25,19,93,68,30,30.35,30.27,30.18,10,10,8,9,1,NaN,0,0,0,0,0,0
53,40,28,32,26,16,87,61,24,30.28,30.23,30.19,10,10,8,14,4,22,0,1,0,0,0,0
57,40,23,28,22,10,93,63,16,30.32,30.26,30.19,10,10,5,6,1,NaN,0,0,0,0,0,0
59,42,24,43,29,23,93,65,27,30.37,30.31,30.27,10,10,4,12,2,18,0,3,0,0,0,0
59,48,37,45,42,36,93,81,59,30.51,30.43,30.36,10,9,4,10,1,20,0,5,0,0,0,0
66,50,35,41,38,30,100,72,26,30.51,30.41,30.3,10,10,2,5,1,NaN,0,3,0,0,0,0
57,44,32,45,37,32,100,77,51,30.33,30.21,30.11,10,10,10,5,1,NaN,0,2,0,0,0,0
62,48,35,41,37,32,93,71,32,30.11,30.06,29.99,10,9,5,8,1,NaN,0,3,0,0,0,0
62,46,30,41,36,28,100,76,42,30.13,30.05,29.96,10,7,0,7,1,NaN,0,3,0,0,0,0
48,42,37,39,36,30,100,86,50,29.96,29.84,29.62,10,8,3,13,1,16,0.63,7,0,0,0,0
44,36,28,36,33,28,100,87,61,29.98,29.83,29.61,10,8,3,9,4,20,0.33,7,0,0,0,0
50,39,28,36,29,27,100,82,40,29.98,29.94,29.89,10,7,0,12,1,NaN,0,5,0,0,0,0
53,40,26,34,29,25,100,79,33,30.1,29.94,29.87,10,8,0,12,1,20,0,4,0,0,0,0
62,44,26,34,29,25,100,73,27,30.42,30.3,30.11,10,9,0,7,1,NaN,0,2,0,0,0,0
66,46,26,36,29,18,100,66,15,30.46,30.38,30.28,10,10,5,7,1,NaN,0,0,0,0,0,0
68,49,30,43,35,28,100,68,30,30.36,30.26,30.14,10,10,7,9,1,NaN,0,0,0,0,0,0
68,50,32,45,38,32,100,72,35,30.24,30.19,30.11,10,9,0,6,1,NaN,0,1,0,0,0,0
71,52,33,43,38,32,100,70,23,30.26,30.2,30.13,10,9,0,6,1,NaN,0,1,0,0,0,0
66,52,39,45,39,34,93,71,37,30.22,30.18,30.15,10,10,3,9,1,NaN,0,0,0,0,0,0
68,52,37,41,37,32,93,67,28,30.21,30.16,30.09,10,10,10,13,2,20,0,0,0,0,0,0
62,47,32,37,34,28,100,65,27,30.17,30.12,30.05,10,10,7,17,4,30,0,0,0,0,0,0
62,47,32,32,29,25,93,59,24,30.18,30.12,30.06,10,10,8,15,6,21,0,1,0,0,0,0
62,45,28,36,29,16,93,61,16,30.18,30.1,30.02,10,10,7,7,1,NaN,0,1,0,0,0,0
57,50,42,48,41,36,100,79,47,30.1,30.06,29.98,10,8,2,5,0,NaN,0.13,8,0,0,0,0
55,47,39,46,42,32,100,82,57,30.1,30,29.95,10,8,2,13,3,24,0.44,6,0,0,0,0
55,42,28,34,29,27,100,73,35,30.2,30.15,30.1,10,10,5,9,2,NaN,0,0,0,0,0,0
57,40,24,30,24,18,100,65,23,30.19,30.15,30.1,10,9,0,9,1,NaN,0,1,0,0,0,0
62,43,24,34,27,12,93,62,21,30.23,30.14,30.04,10,10,6,12,1,20,0,0,0,0,0,0
68,49,30,36,32,25,100,62,21,30.14,30.06,29.95,10,10,7,10,2,16,0,0,0,0,0,0
66,49,32,45,35,25,100,70,25,30.02,29.96,29.86,10,10,5,9,1,18,0.05,3,0,0,0,0
59,48,37,46,40,36,100,77,44,29.98,29.95,29.91,10,8,0,9,1,16,0,6,0,0,0,0
62,53,44,46,44,41,100,78,51,29.97,29.94,29.91,10,10,5,5,1,NaN,0,7,0,0,0,0
59,52,46,46,43,39,93,74,51,30.15,30.05,29.97,10,10,9,9,2,NaN,0,8,0,0,0,0
71,55,39,46,40,36,100,68,27,30.19,30.14,30.07,10,10,4,9,1,NaN,0,3,0,0,0,0
71,53,35,52,40,34,94,67,29,30.13,30.07,29.99,10,10,6,6,1,NaN,0.09,2,0,0,0,0
55,50,46,50,47,45,100,91,72,30.08,30.04,30.01,10,8,4,8,2,NaN,0.56,8,0,0,0,0
57,50,44,48,44,41,100,81,55,30.17,30.11,30.05,10,10,9,12,2,20,0,8,0,0,0,0
68,57,44,48,43,36,100,71,34,30.2,30.15,30.08,10,10,9,8,1,NaN,0,4,0,0,0,0
68,54,39,48,44,37,100,74,40,30.18,30.1,29.99,10,9,0,6,1,NaN,0,3,0,0,0,0
57,52,46,54,48,45,100,88,72,30.05,29.98,29.92,10,7,2,13,3,17,0.89,7,0,0,0,0
57,50,44,46,44,39,100,80,51,30.12,30.09,30.05,10,10,4,12,2,16,0.02,7,0,0,0,0
59,52,46,46,41,32,100,70,36,30.13,30.09,30.05,10,10,7,12,4,20,0.04,7,0,0,0,0
55,46,37,43,39,34,93,72,47,30.05,29.94,29.77,10,9,4,13,7,28,0.1,6,0,0,0,0
59,46,32,36,27,14,100,61,17,30.16,30.01,29.8,10,10,6,14,3,21,0,1,0,0,0,0
68,48,28,43,32,27,100,64,24,30.25,30.21,30.15,10,10,0,6,2,NaN,0,2,0,0,0,0
71,54,37,46,42,36,100,68,35,30.31,30.21,30.11,10,10,10,17,3,31,0,0,0,0,0,0
66,50,35,41,36,30,100,65,28,30.15,30.06,29.95,10,10,6,10,2,NaN,0,0,0,0,0,0
71,52,32,39,32,19,100,55,14,30.03,29.95,29.86,10,9,0,14,3,26,0,1,0,0,0,0
62,50,39,36,31,27,76,47,27,29.98,29.91,29.87,10,10,10,15,7,26,0,1,0,0,0,0
55,44,32,32,30,19,93,62,28,29.99,29.89,29.79,10,10,10,20,5,31,0,1,0,0,0,0
48,39,30,32,28,23,87,66,37,30.03,29.89,29.84,10,10,10,15,6,29,0,3,0,0,0,0
57,40,24,28,22,14,93,57,18,30.26,30.14,30.04,10,10,9,14,2,23,0,2,0,0,0,0
62,44,26,32,25,21,86,54,20,30.37,30.3,30.24,10,10,10,8,2,NaN,0,2,0,0,0,0
71,52,32,41,33,28,87,59,27,30.37,30.32,30.23,10,10,10,7,2,NaN,0,1,0,0,0,0
69,54,39,41,39,36,93,60,31,30.3,30.25,30.18,10,10,10,18,4,32,0,1,0,0,0,0
73,53,33,41,35,32,93,58,22,30.27,30.17,30.06,10,10,10,9,2,16,0,0,0,0,0,0
77,57,37,45,38,32,93,56,24,30.19,30.12,30.04,10,10,10,10,2,16,0,0,0,0,0,0
78,58,39,43,30,10,93,46,8,30.16,30.1,30.02,10,10,10,10,2,NaN,0,1,0,0,0,0
78,60,41,32,19,7,57,26,9,30.15,30.04,29.92,10,10,10,10,2,18,0,0,0,0,0,0
77,59,41,32,23,16,70,32,11,30.04,29.98,29.91,10,10,9,10,3,23,0,0,0,0,0,0
80,56,33,37,29,19,81,42,10,30.13,30.03,29.98,10,10,10,9,1,16,0,0,0,0,0,0
84,62,39,41,36,27,87,45,12,30.24,30.19,30.13,10,10,10,9,2,17,0,0,0,0,0,0
84,63,42,43,35,27,81,43,13,30.29,30.21,30.12,10,10,10,14,3,22,0,0,0,0,0,0
82,60,39,45,36,32,75,45,18,30.19,30.11,30.01,10,10,10,12,3,20,0,1,0,0,0,0
75,58,42,45,41,39,87,57,29,30.09,30,29.9,10,10,1,12,3,21,0,1,0,0,0,0
73,55,37,41,22,5,93,42,8,30.17,30.03,29.95,10,10,10,15,3,28,0,2,0,0,0,0
77,58,39,27,16,5,56,24,8,30.28,30.22,30.17,10,10,10,12,4,26,0,1,0,0,0,0
84,62,39,37,23,9,61,27,8,30.33,30.24,30.14,10,10,10,9,2,NaN,0,2,0,0,0,0
87,63,39,37,31,16,81,40,7,30.19,30.08,29.94,10,10,5,8,2,16,0,0,0,0,0,0
78,58,39,37,30,25,81,38,14,29.99,29.84,29.69,10,10,10,10,3,21,0,0,0,0,0,0
73,63,53,43,35,30,63,34,22,29.84,29.72,29.64,10,10,10,12,4,21,0,1,0,0,0,0
66,58,50,50,47,41,100,71,46,29.96,29.89,29.84,10,10,7,8,1,NaN,0.02,6,0,0,0,0
64,57,50,52,48,46,94,77,55,30.05,30,29.95,10,10,7,12,3,20,0,8,0,0,0,0
73,60,48,55,50,46,100,74,38,30.15,30.08,30.03,10,10,7,8,1,NaN,0.11,6,0,0,0,0
80,66,51,54,48,37,94,62,21,30.19,30.14,30.07,10,10,6,6,2,NaN,0,3,0,0,0,0
87,66,46,52,47,37,100,58,19,30.24,30.19,30.11,10,10,10,8,1,NaN,0,0,0,0,0,0
89,68,48,59,50,43,94,58,21,30.23,30.16,30.08,10,10,10,8,1,NaN,0,0,0,0,0,0
86,68,50,55,49,43,94,57,23,30.2,30.13,30.05,10,10,7,10,2,16,0,1,0,0,0,0
80,63,46,48,44,41,87,54,24,30.13,30.1,30.07,10,10,10,14,3,25,0,0,0,0,0,0
80,62,44,45,39,32,87,49,21,30.09,30.03,29.96,10,10,10,15,4,26,0,0,0,0,0,0
71,56,41,41,39,36,81,51,31,30.07,30.03,30,10,10,10,16,4,24,0,0,0,0,0,0
66,58,50,45,40,32,76,52,28,30.01,29.97,29.93,10,10,10,14,7,24,0,4,0,0,0,0
69,53,37,37,34,27,93,54,20,30.08,30,29.96,10,10,10,13,4,24,0,0,0,0,0,0
69,53,37,41,37,32,87,57,32,30.22,30.15,30.09,10,10,10,15,3,26,0,2,0,0,0,0
77,56,35,39,34,25,93,51,14,30.29,30.2,30.11,10,10,10,8,2,NaN,0,2,0,0,0,0
84,60,37,39,32,21,81,41,11,30.2,30.09,29.95,10,10,10,13,3,21,0,1,0,0,0,0
60,50,39,37,28,12,61,43,19,30.05,29.97,29.91,10,10,10,21,9,33,0,1,0,0,0,0
59,44,28,32,27,23,86,52,29,30.07,29.99,29.91,10,10,10,16,4,24,0,0,0,0,0,0
66,49,32,34,31,23,93,54,21,30.03,29.97,29.94,10,10,10,14,4,22,0,0,0,0,0,0
68,50,32,36,31,23,93,54,18,30.05,30,29.94,10,10,10,10,5,20,0,0,0,0,0,0
73,54,35,37,35,32,87,53,22,30.05,30,29.93,10,10,10,12,3,22,0,1,0,0,0,0
68,60,51,43,37,32,67,45,26,30.09,30.04,30.02,10,10,10,15,8,23,0,2,0,0,0,0
57,52,48,52,47,36,94,83,47,30.09,30.01,29.94,10,8,3,9,4,NaN,0.2,7,0,0,0,0
71,60,50,50,44,32,100,62,23,29.99,29.94,29.89,10,10,10,12,4,18,0,4,0,0,0,0
68,57,44,46,39,36,76,50,30,30.02,29.93,29.86,10,10,5,17,9,30,0,3,0,0,0,0
73,55,37,41,37,28,93,58,22,30.13,30.04,30,10,10,10,14,3,25,0,1,0,0,0,0
82,60,37,48,40,32,93,56,17,30.21,30.13,30.05,10,10,10,8,2,NaN,0,0,0,0,0,0
86,65,44,45,41,37,87,49,20,30.13,30.03,29.91,10,10,10,15,3,24,0,0,0,0,0,0
87,66,46,46,41,32,82,48,14,29.96,29.86,29.75,10,10,10,7,3,NaN,0,1,0,0,0,0
91,68,46,46,38,25,81,41,10,29.92,29.87,29.81,10,10,10,9,2,16,0,0,0,0,0,0
95,72,48,54,43,37,76,42,13,29.97,29.92,29.86,10,10,8,8,2,NaN,0,0,0,0,0,0
98,76,53,52,44,28,82,43,9,30.04,29.97,29.9,10,10,10,9,2,22,0,0,0,0,0,0
96,74,51,48,44,37,82,41,13,30.02,29.96,29.89,10,10,10,10,2,16,0,0,0,0,0,0
96,74,51,59,50,41,82,48,20,30.04,29.97,29.89,10,10,10,9,3,NaN,0,0,0,0,0,0
102,78,55,55,48,36,88,45,11,29.98,29.91,29.84,10,10,10,8,2,NaN,0,0,0,0,0,0
102,78,55,59,50,43,77,43,15,29.9,29.83,29.72,10,10,10,9,2,NaN,0,0,0,0,0,0
80,70,59,57,55,54,88,64,42,29.98,29.86,29.81,10,10,10,7,2,NaN,0,2,0,0,0,0
80,68,50,54,38,27,82,37,17,30.02,29.97,29.93,10,10,10,13,4,22,0,1,0,0,0,0
73,56,39,39,37,36,87,53,25,30.08,30.03,29.98,10,10,10,18,4,28,0,0,0,0,0,0
73,56,39,41,38,34,87,55,25,30.19,30.14,30.09,10,10,10,14,3,25,0,1,0,0,0,0
84,62,39,41,30,14,93,44,8,30.19,30.03,29.89,10,10,10,10,2,17,0,0,0,0,0,0
84,64,44,41,37,32,76,40,18,30.01,29.94,29.89,10,10,10,13,3,22,0,0,0,0,0,0
82,63,44,45,38,36,71,40,19,30.11,30.08,30.01,10,10,10,14,4,23,0,0,0,0,0,0
78,62,46,46,42,37,81,49,23,30.1,30.05,29.98,10,10,10,17,5,26,0,0,0,0,0,0
68,58,48,45,37,30,76,49,26,30.01,29.99,29.95,10,10,10,16,9,30,0,0,0,0,0,0
66,54,41,39,37,36,81,52,32,30.08,30.04,30,10,10,10,17,7,26,0,0,0,0,0,0
75,57,39,41,37,32,93,53,21,30.08,30.03,29.97,10,10,10,14,3,22,0,0,0,0,0,0
80,60,39,45,38,32,87,49,18,30.1,30.05,29.98,10,10,10,9,2,18,0,0,0,0,0,0
84,64,44,43,40,37,81,45,20,30.07,29.99,29.89,10,10,10,14,3,22,0,0,0,0,0,0
68,62,57,55,49,39,88,63,40,29.91,29.83,29.77,10,10,5,8,2,NaN,0.03,4,0,0,0,0
60,55,50,54,49,39,94,83,48,29.88,29.83,29.76,10,7,2,7,2,NaN,0.17,7,0,0,0,0
64,58,53,59,55,52,100,91,77,29.98,29.91,29.84,10,8,2,8,1,NaN,0.33,7,0,0,0,0
77,67,57,61,58,55,100,80,50,30.1,30.03,29.97,10,9,4,8,1,NaN,0.03,7,0,0,0,0
89,73,57,63,57,50,100,68,26,30.18,30.14,30.1,10,8,0,7,1,NaN,0,3,0,0,0,0
95,75,55,59,52,39,100,54,15,30.19,30.12,30.03,10,10,10,14,3,21,0,0,0,0,0,0
96,74,53,54,49,41,88,48,15,30.11,30.04,29.95,10,10,9,9,2,NaN,0,0,0,0,0,0
98,76,55,61,53,45,88,51,16,30.02,29.95,29.86,10,10,10,10,3,NaN,0,0,0,0,0,0
100,78,57,59,53,41,88,50,14,30.03,29.98,29.94,10,10,10,8,2,NaN,0,0,0,0,0,0
100,81,62,66,59,55,82,52,25,30.06,30.02,29.95,10,10,10,13,2,21,0,0,0,0,0,0
100,82,64,68,63,57,94,66,24,30.06,30.01,29.94,10,10,8,7,1,26,0,0,0,0,0,0
93,78,62,66,54,39,100,55,19,29.99,29.91,29.81,10,10,10,15,4,26,0,0,0,0,0,0
95,74,53,52,47,37,82,45,16,29.86,29.8,29.72,10,10,10,10,1,NaN,0,0,0,0,0,0
93,73,53,55,50,45,82,48,20,29.84,29.81,29.75,10,10,8,8,1,NaN,0,0,0,0,0,0
93,75,57,55,49,43,88,47,17,29.91,29.86,29.81,10,10,10,8,1,NaN,0,0,0,0,0,0
93,72,51,48,43,36,77,39,14,30.05,29.98,29.91,10,10,10,7,1,NaN,0,0,0,0,0,0
93,70,48,45,39,34,71,37,13,30.12,30.07,30.02,10,10,10,9,2,20,0,0,0,0,0,0
95,72,50,46,41,36,71,36,13,30.07,29.99,29.88,10,10,10,12,2,18,0,0,0,0,0,0
91,70,50,46,39,23,82,37,9,29.97,29.93,29.86,10,10,10,9,3,NaN,0,0,0,0,0,0
89,70,50,45,38,27,71,36,15,29.99,29.95,29.89,10,10,10,13,3,17,0,0,0,0,0,0
91,68,46,46,38,28,58,35,17,30.04,30,29.94,10,10,10,6,2,NaN,0,0,0,0,0,0
93,72,50,46,38,28,76,36,10,30.07,30.01,29.93,10,10,10,8,2,NaN,0,0,0,0,0,0
93,72,50,43,38,32,66,35,11,29.98,29.9,29.8,10,10,10,8,2,16,0,0,0,0,0,0
86,68,50,45,39,30,72,38,16,30.05,29.93,29.87,10,10,10,7,2,NaN,0,0,0,0,0,0
91,68,46,41,34,25,71,34,9,30.15,30.1,30.05,10,10,7,7,1,NaN,0,0,0,0,0,0
96,72,48,46,37,19,71,37,6,30.16,30.08,29.97,10,10,10,9,2,NaN,0,0,0,0,0,0
102,78,53,50,44,28,77,39,7,30.06,29.98,29.88,10,10,10,9,2,16,0,0,0,0,0,0
104,80,57,54,45,23,72,38,6,29.97,29.89,29.78,10,10,10,12,2,17,0,0,0,0,0,0
107,83,59,54,47,37,68,36,10,29.9,29.85,29.77,10,10,10,12,2,16,0,0,0,0,0,0
100,80,60,54,47,32,68,36,10,30.02,29.95,29.89,10,10,10,8,2,NaN,0,0,0,0,0,0
93,78,62,55,50,45,68,41,21,30.06,30.02,29.98,10,10,10,10,2,16,0,0,0,0,0,0
98,80,62,55,50,45,64,40,16,30.06,30.01,29.94,10,10,10,10,2,NaN,0,0,0,0,0,0
102,80,59,54,48,39,72,38,12,30.07,30.02,29.93,10,10,10,12,2,20,0,0,0,0,0,0
98,80,62,66,53,45,72,43,17,30.14,30.08,30.01,10,10,8,12,2,20,0.01,0,0,0,0,0
98,78,57,57,50,41,88,45,16,30.1,29.99,29.87,10,10,10,13,2,21,0,0,0,0,0,0
95,75,55,48,41,32,63,35,11,29.94,29.88,29.79,10,10,9,13,2,22,0,0,0,0,0,0
89,72,55,50,45,41,67,41,22,30.04,29.94,29.88,10,8,5,8,1,NaN,0,0,0,0,0,0
91,72,53,48,43,32,72,42,14,30.14,30.08,30.05,10,10,9,8,2,NaN,0,0,0,0,0,0
89,73,57,46,38,28,55,32,13,30.11,30.05,29.98,10,10,10,14,2,20,0,0,0,0,0,0
82,64,46,43,33,14,71,36,8,30.09,30.05,30.02,10,10,10,13,4,25,0,1,0,0,0,0
86,65,44,45,38,25,81,45,11,30.1,30.02,29.94,10,10,10,12,2,17,0,1,0,0,0,0
91,70,48,46,41,27,87,45,10,30.06,30,29.92,10,10,10,9,2,NaN,0,0,0,0,0,0
91,70,48,45,37,30,76,37,12,30.06,30,29.94,10,10,10,7,1,NaN,0,0,0,0,0,0
93,70,48,39,36,32,62,33,12,30.06,30.01,29.94,10,10,10,7,1,NaN,0,0,0,0,0,0
86,67,48,48,37,28,66,37,12,30.06,30.01,29.96,10,10,10,6,1,NaN,0,0,0,0,0,0
86,70,53,43,39,32,62,36,17,30.06,30.03,29.99,10,10,10,8,2,NaN,0,0,0,0,0,0
84,66,48,46,41,32,76,47,16,30.06,30,29.94,10,10,5,9,2,17,0,0,0,0,0,0
84,68,53,45,40,34,67,44,19,30.02,29.96,29.91,10,10,10,12,2,16,0,1,0,0,0,0
80,63,46,63,47,39,100,65,24,30.09,30.05,30.01,10,10,2,8,1,16,0.04,2,0,0,0,0
84,68,53,57,50,41,100,64,25,30.11,30.04,29.95,10,7,0,7,2,NaN,0,5,0,0,0,0
87,68,48,48,45,39,87,48,18,30.06,30.02,29.96,10,10,10,9,1,NaN,0,1,0,0,0,0
91,70,50,48,44,37,82,44,15,30.11,30.04,29.95,10,10,8,9,2,18,0,1,0,0,0,0
93,72,50,45,43,36,76,41,13,30.08,30.01,29.94,10,10,9,12,2,17,0,1,0,0,0,0
93,72,51,54,46,43,77,45,19,30.04,29.99,29.94,10,10,9,14,2,18,0,1,0,0,0,0
93,74,55,52,50,48,82,48,21,30.06,30.02,29.98,10,10,10,8,1,NaN,0,0,0,0,0,0
95,75,55,54,48,45,77,45,19,30.09,30.02,29.92,10,10,10,13,3,24,0,1,0,0,0,0
102,78,55,55,49,37,77,46,11,30.07,29.99,29.88,10,10,8,9,2,NaN,0,1,0,0,0,0
100,80,59,57,52,45,77,46,15,30.03,29.97,29.89,10,9,5,10,3,21,0,0,0,0,0,0
84,73,62,66,55,50,83,59,35,30,29.96,29.91,10,10,7,13,1,18,0.01,1,0,0,0,0
98,76,55,55,52,41,94,54,16,29.98,29.94,29.86,10,10,10,8,2,NaN,0,0,0,0,0,0
84,70,55,57,51,45,77,58,25,29.98,29.96,29.93,10,10,10,13,2,18,0,1,0,0,0,0
87,68,48,50,44,39,93,51,18,29.99,29.92,29.84,10,10,10,13,2,20,0,0,0,0,0,0
84,66,48,48,43,39,76,46,22,29.93,29.88,29.82,10,10,9,10,2,NaN,0,3,0,0,0,0
73,65,57,63,56,48,100,75,47,29.97,29.93,29.9,10,9,0,7,0,NaN,0.46,6,0,0,0,0
80,68,55,57,52,45,100,68,28,30.05,29.99,29.95,10,9,0,8,2,NaN,0,3,0,0,0,0
86,67,48,52,47,41,94,57,22,30,29.92,29.82,10,10,6,10,2,NaN,0,0,0,0,0,0
87,68,50,52,48,45,94,56,22,29.96,29.92,29.89,10,10,10,8,1,21,0,1,0,0,0,0
84,70,55,55,50,45,82,54,28,30.11,30.04,29.97,10,10,10,12,2,16,0,3,0,0,0,0
89,71,53,55,50,41,88,55,18,30.17,30.09,29.99,10,10,9,9,2,NaN,0,1,0,0,0,0
93,72,51,54,47,41,88,50,18,30.05,29.99,29.9,10,10,10,8,2,NaN,0,1,0,0,0,0
89,70,50,48,42,37,87,45,16,29.98,29.93,29.86,10,10,10,7,1,NaN,0,0,0,0,0,0
82,66,50,52,48,43,94,55,28,30,29.95,29.88,10,10,10,8,2,NaN,0,3,0,0,0,0
84,70,55,50,48,45,77,53,25,30.03,29.99,29.93,10,10,10,9,2,16,0,3,0,0,0,0
84,66,48,50,45,36,87,56,20,30.08,30.03,29.96,10,10,10,13,2,16,0,0,0,0,0,0
75,62,48,48,44,37,93,56,27,30.1,30.04,30.01,10,10,10,13,4,22,0,1,0,0,0,0
86,65,44,46,43,41,87,55,20,30.16,30.07,29.97,10,10,5,7,1,NaN,0,1,0,0,0,0
91,68,46,46,41,27,87,47,10,30.03,29.98,29.89,10,10,10,6,1,NaN,0,1,0,0,0,0
95,72,48,46,42,36,76,43,14,30.03,29.95,29.85,10,10,10,8,2,NaN,0,0,0,0,0,0
95,72,50,45,40,34,71,39,12,29.98,29.9,29.8,10,10,10,8,2,NaN,0,0,0,0,0,0
98,74,50,41,36,27,62,34,9,29.92,29.86,29.79,10,10,10,10,2,18,0,1,0,0,0,0
95,74,53,54,47,41,72,43,17,30.02,29.96,29.91,10,10,10,8,1,NaN,0,0,0,0,0,0
93,73,53,52,46,41,82,47,16,30.04,29.97,29.89,10,10,10,14,2,21,0,0,0,0,0,0
95,74,53,46,42,34,72,39,12,29.98,29.9,29.8,10,10,10,14,3,20,0,0,0,0,0,0
95,73,51,48,45,41,76,43,15,29.87,29.81,29.73,10,10,10,8,2,NaN,0,0,0,0,0,0
84,68,51,50,46,36,82,49,18,29.92,29.82,29.79,10,10,10,15,3,21,0,1,0,0,0,0
82,65,48,50,45,39,93,54,21,29.98,29.9,29.81,10,10,10,10,3,20,0,2,0,0,0,0
68,57,46,46,44,39,82,56,40,30.02,29.89,29.84,10,10,10,16,8,32,0,2,0,0,0,0
78,58,37,43,36,30,93,55,18,30.09,30,29.92,10,10,10,7,1,NaN,0,1,0,0,0,0
87,63,39,39,33,19,87,46,9,29.99,29.91,29.8,10,10,10,6,1,NaN,0.04,2,0,0,0,0
77,59,41,57,42,25,100,64,14,29.84,29.79,29.74,10,9,3,17,2,26,0.19,3,0,0,0,0
59,52,44,54,48,41,100,87,55,29.9,29.8,29.74,10,8,1,12,2,17,0.3,5,0,0,0,0
60,52,44,50,45,41,100,75,48,30.04,29.98,29.91,10,10,2,13,2,21,0,8,0,0,0,0
73,63,53,54,49,45,94,69,36,30.07,30.02,29.97,10,9,2,10,2,17,0.02,4,0,0,0,0
66,58,50,46,42,39,76,58,37,30,29.95,29.9,10,10,10,16,8,26,0,2,0,0,0,0
59,48,37,37,36,32,93,61,36,29.97,29.91,29.89,10,10,8,16,7,25,0,2,0,0,0,0
64,48,32,37,32,28,100,65,26,30.13,30.02,29.97,10,10,10,10,1,NaN,0,2,0,0,0,0
71,52,32,39,33,28,100,61,20,30.21,30.14,30.07,10,10,10,8,1,NaN,0,0,0,0,0,0
71,56,41,46,40,36,87,57,27,30.11,30.05,29.96,10,10,10,13,3,22,0,4,0,0,0,0
60,58,55,55,53,46,100,89,63,29.99,29.96,29.92,10,7,2,14,5,21,0.46,8,0,0,0,0
64,54,44,55,49,41,100,78,49,30.03,29.98,29.9,10,9,2,12,4,18,0.12,4,0,0,0,0
64,52,39,45,40,37,93,72,37,30.09,30.05,30.02,10,10,2,10,2,20,0,1,0,0,0,0
60,48,37,41,37,30,100,68,34,30.12,30.05,30.01,10,10,1,16,3,30,0,1,0,0,0,0
64,48,32,36,30,21,100,63,19,30.26,30.19,30.12,10,10,9,10,3,20,0,0,0,0,0,0
71,52,32,32,27,16,100,51,12,30.32,30.27,30.23,10,10,10,14,2,24,0,0,0,0,0,0
80,56,32,36,30,14,93,52,8,30.3,30.25,30.17,10,10,10,7,1,NaN,0,0,0,0,0,0
77,54,32,36,31,19,100,54,12,30.23,30.15,30.06,10,10,10,6,1,NaN,0,0,0,0,0,0
68,52,35,41,34,28,87,62,26,30.09,30.04,29.96,10,10,10,14,2,25,0,0,0,0,0,0
66,50,35,41,36,30,93,69,28,30.04,29.94,29.81,10,10,5,10,1,NaN,0,2,0,0,0,0
64,48,32,37,32,28,100,63,26,29.87,29.79,29.76,10,10,3,10,2,23,0,0,0,0,0,0
69,50,32,36,32,25,100,58,18,30.03,29.91,29.86,10,10,7,12,2,NaN,0,0,0,0,0,0
68,50,32,41,36,32,100,68,28,30.11,30.05,29.99,10,10,7,7,1,NaN,0,0,0,0,0,0
66,50,33,46,38,32,93,75,32,30.05,30,29.9,10,10,2,12,2,24,0,4,0,0,0,0
66,49,32,39,34,28,100,71,24,30.17,30.09,30.02,10,9,0,7,1,NaN,0,3,0,0,0,0
73,52,32,36,30,18,100,60,12,30.24,30.17,30.1,10,10,9,8,1,NaN,0,0,0,0,0,0
73,52,30,32,26,14,93,54,10,30.22,30.15,30.08,10,10,9,10,2,17,0,0,0,0,0,0
73,52,30,36,28,25,87,54,16,30.19,30.13,30.08,10,10,9,9,2,NaN,0,0,0,0,0,0
75,54,32,37,31,25,87,58,15,30.2,30.12,30.04,10,10,10,5,1,NaN,0,1,0,0,0,0
80,56,32,37,32,19,100,58,10,30.17,30.11,30.04,10,10,10,6,1,NaN,0,1,0,0,0,0
80,56,33,39,34,28,93,58,16,30.19,30.12,30.05,10,10,10,8,1,NaN,0,1,0,0,0,0
80,58,35,37,34,25,87,57,13,30.13,30.07,29.97,10,10,10,6,1,NaN,0,1,0,0,0,0
82,58,35,36,32,27,87,54,13,30.11,30.04,29.96,10,10,10,5,1,NaN,0,3,0,0,0,0
80,58,35,36,32,25,87,52,13,30.12,30.05,29.98,10,10,10,7,1,NaN,0,1,0,0,0,0
80,56,32,32,30,18,87,53,10,30.07,30.01,29.92,10,10,10,5,1,NaN,0,1,0,0,0,0
77,54,32,32,29,23,87,52,13,30.11,30.04,29.99,10,10,10,6,1,NaN,0,1,0,0,0,0
77,54,32,34,30,27,87,54,16,30.24,30.18,30.12,10,10,2,6,1,NaN,0,0,0,0,0,0
77,54,32,32,30,25,87,55,14,30.26,30.17,30.08,10,10,7,6,1,NaN,0,1,0,0,0,0
68,50,32,34,31,23,87,59,19,30.1,29.85,29.65,10,10,10,18,3,36,0,3,0,0,0,0
59,46,32,45,34,28,93,69,36,29.83,29.69,29.63,10,10,5,9,2,NaN,0.01,6,0,0,0,0
55,46,37,43,39,36,100,74,51,30.06,29.96,29.83,10,10,9,7,1,NaN,0,8,0,0,0,0
62,47,32,39,35,28,100,75,37,30.18,30.11,30.06,10,10,8,7,1,NaN,0,1,0,0,0,0
69,50,32,41,36,30,100,72,33,30.25,30.19,30.12,10,10,10,6,1,NaN,0,1,0,0,0,0
71,52,32,41,37,32,100,72,31,30.24,30.16,30.06,10,10,5,6,1,NaN,0,0,0,0,0,0
59,46,33,41,35,27,93,68,41,30.09,30.03,29.97,10,10,9,15,3,26,0,3,0,0,0,0
50,37,24,28,25,23,93,67,35,30.16,30.1,30.03,10,10,7,7,1,NaN,0,3,0,0,0,0
57,40,23,28,25,21,93,66,29,30.2,30.11,30.06,10,10,4,8,1,NaN,0,2,0,0,0,0
64,48,32,43,34,27,93,68,42,30.3,30.23,30.17,10,10,8,9,2,NaN,0,2,0,0,0,0
66,52,37,43,40,36,93,71,37,30.32,30.26,30.18,10,10,7,6,1,NaN,0,2,0,0,0,0
66,52,39,45,40,36,93,65,37,30.21,30.14,30.09,10,10,5,12,3,24,0,3,0,0,0,0
64,50,35,45,36,27,93,65,24,30.13,30.07,29.99,10,10,10,7,2,NaN,0,1,0,0,0,0
68,49,30,37,33,28,93,68,30,30.12,30.07,30,10,10,5,6,1,NaN,0,1,0,0,0,0
69,50,32,37,32,27,100,62,24,30.14,30.1,30.06,10,10,9,6,1,NaN,0,1,0,0,0,0
69,50,32,32,28,25,87,50,18,30.18,30.14,30.08,10,10,9,8,1,NaN,0,1,0,0,0,0
64,52,41,37,33,28,81,49,30,30.34,30.28,30.17,10,10,10,6,1,NaN,0,7,0,0,0,0
71,52,33,41,36,32,93,68,29,30.36,30.28,30.2,10,10,10,6,1,NaN,0,1,0,0,0,0
64,48,32,39,32,27,100,66,29,30.21,30.06,29.93,10,9,0,13,3,25,0,3,0,0,0,0
57,42,28,32,29,25,93,64,29,29.95,29.85,29.76,10,10,8,14,2,23,0,2,0,0,0,0
55,44,32,39,35,30,93,65,51,29.94,29.81,29.76,10,10,10,20,10,29,0,4,0,0,0,0
55,42,28,36,31,27,93,76,41,30.1,30.04,29.94,10,10,5,5,0,NaN,0,3,0,0,0,0
51,40,28,43,34,27,93,82,58,30.12,30.06,30.02,10,8,1,5,0,NaN,0.21,4,0,0,0,0
46,45,44,46,44,41,100,93,87,30.03,29.97,29.9,10,3,0,5,0,NaN,0.91,8,0,0,0,0
51,44,37,48,45,36,100,93,82,29.98,29.89,29.84,10,5,0,4,0,NaN,0.08,7,0,0,0,0
55,42,28,37,19,-2,100,57,13,30.26,30.15,29.98,10,7,0,10,2,24,0,4,0,0,0,0
64,46,28,23,12,0,74,32,9,30.27,30.22,30.16,10,10,10,9,3,18,0,2,0,0,0,0
68,47,26,27,21,5,86,55,8,30.18,30.12,30.04,10,10,8,7,1,NaN,0,1,0,0,0,0
57,40,23,30,23,16,86,66,20,30.28,30.2,30.15,10,10,7,5,1,NaN,0,2,0,0,0,0
57,40,23,32,25,19,93,72,27,30.36,30.3,30.26,10,10,6,4,1,NaN,0,2,0,0,0,0
53,40,26,36,29,25,100,76,41,30.3,30.2,30.09,10,10,8,5,0,NaN,0,0,0,0,0,0
60,44,28,36,32,27,100,75,34,30.08,29.98,29.91,10,10,5,8,1,NaN,0,1,0,0,0,0
60,44,28,37,33,28,100,78,36,30.16,30.03,29.96,10,9,4,5,1,NaN,0,1,0,0,0,0
57,42,26,37,32,27,100,81,41,30.28,30.22,30.16,10,8,0,5,1,NaN,0,3,0,0,0,0
59,44,28,39,34,28,100,80,44,30.36,30.3,30.25,10,8,2,5,1,NaN,0,2,0,0,0,0
55,44,32,41,35,28,100,87,54,30.42,30.33,30.24,10,6,0,6,1,NaN,0,2,0,0,0,0
53,40,28,46,37,28,100,81,57,30.23,30.03,29.88,10,8,0,16,5,29,0.01,3,0,0,0,0
44,34,23,28,22,14,93,65,29,29.97,29.91,29.87,10,10,6,12,4,16,0,3,0,0,0,0
39,27,15,21,14,7,93,70,26,30.09,30.02,29.97,10,10,4,6,0,NaN,0,1,0,0,0,0
39,24,10,16,11,7,92,65,26,30.13,30.07,30.01,10,10,5,9,1,NaN,0,3,0,0,0,0
28,22,15,27,21,10,100,87,59,30.09,29.97,29.83,10,6,0,4,0,NaN,0.21,7,0,0,0,0
32,22,10,25,17,9,100,75,51,30.2,30,29.82,10,9,1,12,4,22,0.07,4,0,0,0,0
32,21,10,18,13,7,93,81,51,30.39,30.27,30.21,10,9,5,5,1,NaN,0,3,0,0,0,0
37,24,10,25,16,7,93,83,52,30.48,30.42,30.36,10,8,1,4,0,NaN,0,4,0,0,0,0
37,26,15,28,20,14,93,88,60,30.42,30.34,30.27,7,4,0,4,0,NaN,0,4,0,0,0,0
44,32,21,30,24,19,100,87,53,30.32,30.27,30.21,10,4,0,4,0,NaN,0,4,0,0,0,0
44,34,23,32,26,21,100,90,57,30.3,30.25,30.17,10,5,0,5,0,NaN,0,4,0,0,0,0
46,35,24,32,26,23,100,87,50,30.41,30.33,30.25,10,6,0,4,0,NaN,0,4,0,0,0,0
46,35,24,34,27,23,100,88,57,30.49,30.42,30.37,10,5,0,5,0,NaN,0,4,0,0,0,0
50,37,24,36,27,23,100,87,50,30.45,30.4,30.32,10,5,0,5,0,NaN,0,4,0,0,0,0
53,38,23,34,27,21,100,83,41,30.39,30.31,30.23,10,6,0,5,0,NaN,0,3,0,0,0,0
53,38,24,32,28,23,100,84,41,30.28,30.21,30.13,10,7,0,4,1,NaN,0,2,0,0,0,0
41,32,24,36,28,25,100,91,70,30.13,29.96,29.81,10,6,0,6,1,NaN,0,3,0,0,0,0
50,34,19,28,20,10,100,70,20,30.05,29.94,29.83,10,9,5,6,1,NaN,0,0,0,0,0,0
50,34,19,32,22,18,93,71,32,30.1,30.02,29.96,10,10,6,7,1,NaN,0,1,0,0,0,0
59,44,28,39,33,28,100,81,42,30.21,30.06,29.95,10,9,4,6,2,NaN,0,0,0,0,0,0
55,42,28,39,32,27,100,88,51,30.38,30.31,30.21,10,5,0,5,1,NaN,0,3,0,0,0,0
50,39,28,37,32,28,100,90,58,30.47,30.42,30.37,10,4,0,6,0,NaN,0,4,0,0,0,0
44,35,26,37,31,27,100,93,71,30.46,30.41,30.35,10,3,0,4,0,NaN,0,5,0,0,0,0
50,37,24,37,27,23,100,87,46,30.43,30.37,30.3,10,5,0,5,0,NaN,0,4,0,0,0,0
53,38,23,32,27,19,100,83,38,30.37,30.31,30.24,10,7,0,5,0,NaN,0,3,0,0,0,0
46,34,23,32,26,21,100,85,46,30.31,30.25,30.18,10,9,5,4,1,NaN,0,0,0,0,0,0
53,37,21,32,26,19,100,81,41,30.3,30.24,30.19,10,8,0,4,0,NaN,0,1,0,0,0,0
59,41,23,28,23,16,93,67,20,30.29,30.23,30.16,10,9,5,5,0,NaN,0,0,0,0,0,0
51,38,24,32,27,23,93,74,40,30.3,30.25,30.21,10,9,4,5,0,NaN,0,0,0,0,0,0
59,44,28,32,27,23,93,71,25,30.3,30.25,30.2,10,9,4,5,1,NaN,0,0,0,0,0,0
